category_variant_key,source_key,group_code_normalized,group_description,category_code_normalized,category_description,data_truth_class
009ab973be2a00b0aea8715f3af41827b8be094a8122294dce5f8a67b994c128,D2,complaint,Complaint - General,finance,Financial Services Section,real_public_reference
01c75798049db69bdea6a63bf5978f8e570453bc3596b11344c2c9b2501cfc0b,D2,cstree,Trees,cstrinsp,Tree Inspection,real_public_reference
034cea89f3b493c2d56e12190c69cde37c66ef8616197a22a6d62d511356fedf,D2,csfood,Food,cspoison,Poisoning,real_public_reference
0502f7dafc443924d1d7ceeb8283b53bdc9b36c5f772318875a8ea8a2fef8e29,D2,csbuildpc,Privately Certified Building Lodgement,csform20,Form 20 – Building Approvals Lodgement,real_public_reference
05285173c6e980a6bdf1d5ffa279d2760075d828f663a8e72be22528acf87db9,D2,cstechserv,Technical Services (New/Upgrade),csstmwater,Stormwater,real_public_reference
06a41356f4dfd0d68022b103390a0bfba6c78bab1742c29f22a2dea81902d5d1,D2,csrates,Rates,cswatleak,Water Leakage Concession Requests,real_public_reference
08a4e66d80a69ad26e8baf6d26d9afe22fe40fc5312eee74bc277b91ba6564b3,D2,csunsealrd,Road Gravel/Dirt,csdefect,Defects,real_public_reference
08adef63ff1909bb8d2fff7f2b9bd54778054d98f3d6aecee0c5b5078a579a12,D2,csprkinf,Park Infrastructure,csplyeqipr,Play Equipment (Imminent public risk),real_public_reference
099461d581eaeda979dd8a4c8a79d20db886fe9bfc0931d3918ef55b8f150b57,D2,csera,ERA,cscomm,Commercial,real_public_reference
09ac73714ec881910567fb7298c51d50e0a3727d85013b76864651259295e0f8,D2,csanimangt,Animal Management,csnoise,Noise,real_public_reference
09c4b40a6eb0368eca86e40620cb05024172aae8035e7db29ed88ba4629f8731,D2,csdrvway,Driveways,csdrvinfo,New Driveway Information Request,real_public_reference
09e362998839a640c3cbaf8e4c937e4ccd9c363bf4a4b0659d2f1cc0fe9e6962,D2,csehrllo,EH & Reg Legal Liaison Service Request,csehrllr,EH & Reg Legal Liaison Service Request,real_public_reference
0a97259f87ef168f56759bcc6298ed264d69dc51892a6bb78f48c200b292a6ba,D2,csaccom,Accomodation,csldghouse,Lodging House (Health Issues),real_public_reference
0b05c29a1ad929bd247ca2963c30b6d28e50f2c793a6391f580f86a4345bc7d6,D2,complaint,Complaint - General,watwaste,Water/Wastewater/Waste Section,real_public_reference
0b637a1583820fa6893e16bd72c9196b403f4e7626bf81dc37ae7034f4d9232e,D2,csinforeq,Information Request,csregsrvs,Regulatory Services (Compliance Team),real_public_reference
0bb4a2e92d62a6bc5b7aebfe5d67c2e075769bd72ace64da232945a4afc25078,D2,csplmdrn,Plumbing & Drainage,csinforeq,Information Request,real_public_reference
0bffd0e114e451509bf36180660e5b58614dc899bcfcbc8354a0fc120bd28458,D2,csntrlmgmt,Natural Area Management,csfrshcriv,Freshwater Creeks & Rivers,real_public_reference
0cf20aab692c91bbef97d5c183ad852cba06a6ade0be7601d194a1c6897ff4c8,D2,cslit,Litter,csstreet,Street,real_public_reference
0e77678f704fb396ade6c1168725237b8d34fb36af8fb23fea0f9b20140165f0,D2,csbridges,Bridges and Footbridges,csrepmain,Repair/Maintenance,real_public_reference
0e960ed93e6d81db0779406699bd5152c22479ba55b7103153ccd8bc10f961db,D2,csregserv,EH & Regulatory Services Request for Service,cspermits,Parking Permits - EH&R,real_public_reference
0fd4d099357859c4069eddb250399a46e179d824c41e828a75cf59bad11d13fb,D2,cstree,Trees,csdeadtree,Dead Trees,real_public_reference
1046162864486ff10200687d5a8fafa24160cedcc9112eb88b14907fe4df9c90,D2,csinforeq,Information Request,csparking,Parking - Regulation of Vehicle,real_public_reference
10d971dfb28beb329ebd3593be0947a6bc63b12b47061f58c46f998fb0998e37,D2,csfood,Food,csforeigno,Foreign Object,real_public_reference
11f9c5f7a9cb1c3ed8445160eed142037cc9e5bba6212a3e1d4019e52a083bfe,D2,csanimangt,Animal Management,csstray,Stray,real_public_reference
14371094407fd4a939da4c92c703197f474dbecc380a8b5f15d4b41857858216,D2,csbusshlt,Bus Shelters,cssafeconc,Safety Concern,real_public_reference
1443fa3a6f5bd6b542d084b221c43c07178ae6e8e89ef45e5a66482461f8b4be,D2,csanimangt,Animal Management,csexcess,Excess,real_public_reference
146fd239f12e13f2f902ba0cc3f3b2dfe23809937e85e4545505afa24fcc4266,D2,cscarprk,Parking,csparkmtr,Replace Parking Meter,real_public_reference
1543f57dc260908c020a94e2b596057d89dd3c36298e45438774f6009c2c2b19,D2,cswsteserv,Waste Services,csmisbin,Bins Missed Collection,real_public_reference
15492aa133d4f3e1a628fd34ebe714086acc5feed590411f2f2ab362fa3f6433,D2,cscomplmt,Compliment,finance,Financial Services Section,real_public_reference
158058cd3974035d0daa9c7eb62c9ecdf2b59172bc0f8b5c590b0ac4b6c299d2,D2,cssealrd,Road Sealed/Bitumen,cspthole,Pothole,real_public_reference
15a6a573ea46454ec9bd966bbd86e6de7582bd2de3d99faea4c861cdc69f721c,D2,complaint,Complaint - General,itserv,Customer & Digital Services,real_public_reference
15f923ca71e93842a648399c117b081e0569b1ade8cb3fd26529f841cf5846cc,D2,cscomplmt,Compliment,envservs,Sustainability & Environmental Services Section,real_public_reference
16048f12cccb8e7220c4e9d82c12755f45408915a1d12350589d1f5e7ec1864d,D2,csrdancil,Road Ancillary,csgategrid,Gates and Grids,real_public_reference
160bca581493baf697682ca19be3080309bbe0eb72f2a52c5f56b8d74049542f,D2,cspools,Pools,csnonpriv,Non Private (Rental Accomodation),real_public_reference
161500617c79fd4e40a8874cbb8b828336c89cc30cbb0914635f361f9115a3c3,D2,cscrmereq,CRM E-request,e-request,E-Request,real_public_reference
17271946ead54c500a408e38102889f959fb64705d02bbe0a08901c5da1071c2,D2,cscomplmt,Compliment,comeng,Communications & Engagement Section,real_public_reference
17c0fd744605054dff154a239351292a422cf60164b28a848c7055a99437adde,D2,csbuildpc,Privately Certified Building Lodgement,csform17,Form 17 – Final Certificate Swimming Pool,real_public_reference
17ecff0ab6dcbfc226010146515100e80756bb4fddb1d6fed845b6a9333da990,D2,csinforeq,Information Request,cshlthcomp,Health Compliance,real_public_reference
17f901971f89287eda7c85e04005499ae716579786dcc229f04d25b38b7dcb2f,D2,csbuildpc,Privately Certified Building Lodgement,csform21,Form 21 – Final Inspection Certificates,real_public_reference
18d3d519d287d9599b16e68c18cad4fbfe26e32c755c6b5c7a47e3c18b6afefe,D2,csstrmdrn,Stormwater Drainage,csnewdrn,New Drain,real_public_reference
19580caf252c380ba0cd7ffdc8e4041a54d842a76aab19a0adbaa43e5c1f19a9,D2,complaint,Complaint - General,procure,Procurement Section,real_public_reference
196e24f4f217580db4ba075a8047ce0ffaa0f92a6d12964659cb89bdc43307cd,D2,csanimangt,Animal Management,csunreg,Unregistered,real_public_reference
1a8d8298fed4f54185a4c59b92af0b26328f373e722578f517dba8435972be14,D2,csprkopn,Parks and Open Space,csadvspec,Advice/ Special Request,real_public_reference
1af6c14b4f2a0ec94816793d17d47f3e28968ec8aed0897e28c3dbe4d8d0c31a,D2,csflagbann,Flags Flag Poles and Banner Poles,csflagpole,Flag Pole,real_public_reference
1ba00f2a784c58158954f4c39aaf078102669a63d793b6571775614a81e290e3,D2,csanimangt,Animal Management,csencl,Enclosure,real_public_reference
1cd782798b0f968050d71c263b11b942ec44cdb6b3b82373b579afa268ad3006,D2,csexecinf,CEO and Executive Information Request,csipexec,IPAF Executive Information,real_public_reference
1d1b9a4ab42789f19a54fb908cbf1d78f69bcd5716b83b22ff8506db47428b6a,D2,csspatprop,Spatial Services/Property Land Street Maintenance,csendplans,Endorsed Plans,real_public_reference
1da348fa189faf7ccf67294851e289f5ed2192fa35b7aebeaa234c85760d057b,D2,csntrlmgmt,Natural Area Management,csntreeplt,Native Tree Planting Programs,real_public_reference
1e2e93ba291a15d1f95a13b62620ec048f2bf5ba87f95f24495bba64758deff8,D2,csgraffiti,Graffiti,csinoffen,Graffiti - Inoffensive,real_public_reference
1ea6f6e0d4148a440807c149315136941db4e1891261d4b49ee1d47d984cc5ad,D2,csexecinf,CEO and Executive Information Request,csplnexec,Planning Executive Information,real_public_reference
1edb8a5a2c2e7adfa7d3edfe3d61ecc26ab5aad76c312612d8aad13e4c30b8f0,D2,csregserv,EH & Regulatory Services Request for Service,rtwaives,PIN request to waive/review - EH & Regulatory Serv,real_public_reference
1f08803594db72e5ef7f59224a8a152e7465f22b293eb23983506f320a628457,D2,csrates,Rates,csratesco,Advice of change of Owner / Form 24,real_public_reference
20c7f229bd4187575135eaaca098b483d807ae416af6bfc61b17194c0a80f5cf,D2,cscarprk,Parking,csticmac,Ticketing Machine/Faulty Meter,real_public_reference
21d058d3be872d1e92ab04892e16be6951fc785e1a6c753d174e9e9573fd8cba,D2,cswsteserv,Waste Services,csnserv,Bins New Service,real_public_reference
2249e47badafa83a3547b30c14b19ed4de014a30565931f2b354263eb8c6180a,D2,csstrtswp,Street Sweeping,csstrtswpu,Street Sweeping (Unscheduled),real_public_reference
237dfa4d213a9af3f2185fb62d9281c675a4753b1e9e17fa78be376180d63096,D2,csgraffiti,Graffiti,csoffen,Graffiti - Offensive,real_public_reference
23a4b8a8c4033196b9beba08d7f0dea03452e18ceff745cc066979957fa45665,D2,cschgadd,Change of Address/Details,csratechga,Change of Address (Rates),real_public_reference
23b7561e3f6c1c55e45070329693b5c47265c7f4a8b784ca80528efc26dbb007,D2,complaint,Complaint - General,comcust,Communications & Customer Experience,real_public_reference
23c7046a98432ec1aa1a00e95ea2b88784590e9c9c2db91e355a079330118216,D2,csntrlmgmt,Natural Area Management,csclnausd,Clean Up Australia Day & Great Northern Clean Up,real_public_reference
23faef3b3f4cc3471ca151c56f00f7eecc0d6654542d54d794839a13a41c8c77,D2,csanimangt,Animal Management,cswander,Wandering,real_public_reference
24046c17883a3848d573eb5470d54775f36245a07eea76472025897d32797a3d,D2,csanimangt,Animal Management,csbreeder,Dog Breeders,real_public_reference
245a624e91bb33f2d5b029871ce128fa3c29335721b8a05b61495de44f1f4a33,D2,cswtrinf,Water Infrastructure,cswtrlhyd,Leaking Fire Hydrant,real_public_reference
247fe9c4274b96f2ff2370c799f9d97a02b77661fc42444008fba6e539fc5bfd,D2,csera,ERA,csresiden,Residential,real_public_reference
248559254a9a0f14a3db44ca377a4b9c243d26ee2e2ccbd751b5f1715e42efa6,D2,csenquiry,Customer Enquiries,cskerbwste,Kerbside Waste Collection,real_public_reference
248d3260740e45348cfe770064d11ea80e6801c806b6f64cbb95f6265c137452,D2,cspkscrt,Security,csalcohol,Alcohol in TCC Parks/Buildings,real_public_reference
24b335d7921511f3c49d0be0d2411fee37c64df4e3cb370aab94c5ca8ced328b,D2,cstree,Trees,cswbnpr,Wasps,real_public_reference
24e049c5fd1e1764e430764d91470db5386be7a19b50bc4b5da88a62eed8ccb4,D2,cscomplmt,Compliment,watwaste,Water/Wastewater/Waste Section,real_public_reference
25d74ef2a76f7258a0bf0c4af3efe75a619f74c83bc51a5271da73c03827cd27,D2,csnoise,Noise,csresiden,Residential,real_public_reference
26bf8cbdf6ac716b1b57bd977d32a19c613a01cffe56a57f609b50750721f21c,D2,csanimangt,Animal Management,cscattery,Cattery,real_public_reference
273b0ee94cecb1dceaad48c4e77d7a12b41da41bb6edbf5f4d9a594ff66f29b5,D2,csdump,Dumping,csdumping,Non-Compliant Dumping,real_public_reference
276282241482bb891dac64d5761b2736481aa7efecfeec127bd4687f8d7dce24,D2,csrates,Rates,csmiscenq,Miscellaneous Rates Enquiries,real_public_reference
27a41b0231e1e2e2b4936f2defc29720f967bae8a2f15ec467befcda7be7e942,D2,csprkinf,Park Infrastructure,cspbtltcln,Public toilet cleanliness,real_public_reference
27c74b95f92ed68a8b075625b31ea4bc1f92e803a08df12f038fe7c958dbd71e,D2,cskrbchan,Kerb and Channel,csexstinf1,Replace Existing (greater than 10m),real_public_reference
27d1574009b98a72b591e954fec80aa4bd8ca71f88d942e317e89af7e09eff9e,D2,csregserv,EH & Regulatory Services Request for Service,cspermits,Parking Permits - EH & Regulatory Services,real_public_reference
284a78e00dd449d43dd884d996f9f88fc31854c6e9575a795d73c87f94dfdb8d,D2,cswtrinf,Water Infrastructure,cswtrrwmtr,Water Meter,real_public_reference
287d102c41eb5aa2c0fd5e8469b3cebf8346454c9b79cc5c119f59bb0d5ecd62,D2,csbusshlt,Bus Shelters,csexstinf,Replace Existing Infrastructure,real_public_reference
29f475bf87297ce936cde35c38632f888d5953d9acc8ce7f9ae6faf9dd2c74ba,D2,cswtrqlty,Water Quality,cschlorh,High/Low Chlorine,real_public_reference
2ad0c40d9d6cea6f07ba7e75e9a904ca24cfe37742798a23e2c03d96f5b28084,D2,csprkirig,Irrigation,csirrmaj,Irrigation High Priority,real_public_reference
2b34c0bbfe39d34d3583eac07866dda21329c4520781a2c37a336b4303ea5742,D2,csinforeq,Information Request,cspdinadre,PD Internal Advice Request,real_public_reference
2bafe9dd6915c4b42e5f818c7f13c4afac50e693a95724ae21d56eade31cbf12,D2,cstree,Trees,csfallentr,Fallen Trees (Non Urgent),real_public_reference
2c29e3de017b0cc0012cac3b80bdaf6157fc7fcda6612dba3c006639a32ceff2,D2,csadvstrct,Advertising Signs/Structures,csadvstrct,Information on fixed/structural advertising,real_public_reference
2c6565196000c0211d30cf40fdc9b1d8a02a4bf0a24090ae58378b94732e231a,D2,quickcall,Quickcall,quickcall,Quickcall,real_public_reference
2d2db863dee896cdc30cfadbdf4da4a3f984e957070333a110cfd29ba5a76f5f,D2,csregserv,EH & Regulatory Services Request for Service,csaniappn,Applications - Animals - EH&R,real_public_reference
2da70647a5e664d74e57d59c89085ccf9798e6aa814fa17ff01cc6295f1754c0,D2,csregserv,EH & Regulatory Services Request for Service,cspayplan,PINs - Payment Plans - EH&R,real_public_reference
2e0c66cfac23f649f967f959f1845b532f27f3b0f89575f24c512330e597f356,D2,cscomplmt,Compliment,projmanoff,Project Management Office,real_public_reference
2e0d143a8e4473eadc1af8cdc01eace09e40a668e7d4ce6ccb61ecb863226469,D2,csprkirig,Irrigation,csirrmin,Irrigation Low Priority,real_public_reference
2e2711093ac14cab5bd44ad56099f841e470136467c079cb7debd17fc086ec20,D2,csproactpa,Proactive Patrols,cselecsign,Election Signs,real_public_reference
2e6ad9f3e7233fb82019e43bc757676680f13ec0322c9f08d958b84ba0ebabcf,D2,cssewinf,Wastewater Infrastructure,cswwodour,Odour Wastewater Treatment Plant,real_public_reference
2ed6205a895655f9e1907fd8556d7fdd4a2190720abf5b3fea932ab4e57083ec,D2,cspstplt,Pest Plant,cspestplnt,Pest Plant,real_public_reference
2edf714e46927428a183c56c671a5470454501672dc25c87c1dffa4f9582ff0d,D2,csanimangt,Animal Management,csattack,Attack,real_public_reference
302a0cfdbfd285c8d976a077596b4837889e2de6998c681c58de37f54be42ca6,D2,cssewinf,Wastewater Infrastructure,cswwmnhole,Wastewater Manhole,real_public_reference
3159abb779d6139619a41dd2efe1b0386465867ccab1486f9e45a4e654044f7b,D2,csbldcompl,Building Compliance,csfiredmgb,Dangerous or Fire Damaged Building,real_public_reference
320022729cc3c07b3610ed6c9c0a5d16c62c7abd524ba70679b4fc245140ff5c,D2,csinfinfo,Infrastructure Information,csemerg,Emergency Management,real_public_reference
324743beb98db6722e19716c51d44274744cdcbc6379850fbf840cafef5568a8,D2,cswatersup,Water Supply,cstrdewste,Possible Trade Waste Offences,real_public_reference
32541f6f7db1ee0f00aa061b08898c64c76f4b905dc4dbcaff71f5f6b30c6c30,D2,csnoncompl,Non Compliant Issues (EHR internal use only),csnoncmdog,Non Compliant Dog (Internal Use only),real_public_reference
32db55068c86358da7bce9bf413c6b2ae6645e207fe631241eca5951499dc481,D2,csregserv,EH & Regulatory Services Request for Service,cspasappn,Applications - Personal Appearance Services - EH&R,real_public_reference
334c589b8e34945383794533e8c1b562c7c38bc26ae4c97d79a70985cc76cfc1,D2,csstrtfurn,Signs (Traffic/Transport),cswtrovrd,Sign Water over the Road,real_public_reference
3383a198d1d4a0a69619bdf2f1b613d017efd4c1a94a83f432d4655a5e571d6e,D2,cssewinf,Wastewater Infrastructure,cswwspill,Wastewater Spill,real_public_reference
33af80eaac62a17b34da3cf7ca0e716ca46c2a3902852329b2c6e3e5dc3a5993,D2,csregserv,EH & Regulatory Services Request for Service,csnotify,Notifications - EH & Regulatory Services,real_public_reference
3404b54a0082b9dc9ae844fe119b77e624f0dec9a58b81d1dffe30d98f3b39ea,D2,complaint,Complaint - General,itserv,Digital Information & Technology,real_public_reference
3418d6a5514858d30fd891ad35eeed6508dfc31abfa4508a0b5fba2316edb411,D2,cslit,Litter,csdeadani,Dead Animal,real_public_reference
3485e1de3fc96b1b7b7941ad487393dcfe17f123cf13bde528b96af38a6f7180,D2,csregserv,EH & Regulatory Services Request for Service,csapplic,x - Applications - EH&R,real_public_reference
34a115b976fb3ef680224262202f732566a4297e25a8eb30ea51fb5a7b094fa5,D2,cschgadd,Change of Address/Details,csrateschg,Change of Address (Rates),real_public_reference
350de7b483a6b950c7b69d4413d4c552090a3ee87a89b7743cd26ac0365aac6b,D2,complaint,Complaint - General,plansect,Planning and Development Section,real_public_reference
354209b4934af434954edc9d0314f969e85ccc52b258df4f2513631fa0f7818e,D2,csstrmdrn,Stormwater Drainage,csblock,Drains/Culvert - Defect/Blocked,real_public_reference
3586feb4c099a90d3345f910a39ae5303525ad43f4addf47f945bb3e3a4a8a0f,D2,csspatprop,Spatial Services/Property Land Street Maintenance,csregplans,Registered LGA Plans,real_public_reference
35f182364f1957330f0205e76f0dd551f54671aead088073d0db7bbc9a624caf,D2,csstrmdrn,Stormwater Drainage,csfloodenq,Flood Enquiries,real_public_reference
35f41231f91f1f5f05edb1029a5a174ce87718af6af7da8cdcf65a104699de68,D2,complaint,Complaint - General,projmanoff,Project Management Office,real_public_reference
368487ff3f4dd71a9a0f1bfcf8fbf7e666c7db9ccd580fe3a6b4b1d5ad68d931,D2,csinforeq,Information Request,cspddevapp,PD Development Applications/Approvals under assess,real_public_reference
3690c0af6b3b7ec72b03fd656e2f2e7b23a8f44229156d7e74e28362bf2095a7,D2,csregserv,EH & Regulatory Services Request for Service,csfoodappn,Applications - Food - EH&R,real_public_reference
36c9b2e77daae461e65c33bc54ced6bcacc9c2aebfba631a23130929fe2b0f9c,D2,csfprr,Footpath,csdefect,Defects,real_public_reference
379093b279a878698c57d270c205e5fb2ef0e625ada295513b00c03a1347fa6d,D2,csmossie,Mosquito,csbiting,Mosquito Biting,real_public_reference
3846b34513727c3b2aa848d46a93f16f9ebef2320fa138c31989ccd12b8c7651,D2,csunauthus,Unauthorised Use of Council Controlled Land,cscnclland,Unauthorised Use of Council Controlled Land,real_public_reference
39c09d32384c53fbb85de9e87279bece07dbe54dc8c58a8606f20a6c3c2f61ed,D2,csprkopn,Parks and Open Space,csgdbedhpp,Garden Bed,real_public_reference
39f0bf5c5b78b66ccad712aec285ebbc0950f90e7ea5e5bc5f9ae37e12d61893,D2,csstrmdrn,Stormwater Drainage,csspitlid,Pit Lid Defect/Obstruction,real_public_reference
3a9ae3aebe342fac9a00b3bbc18f9800d58c1fe04d03ba3ea5f073c2ae7563de,D2,cstechserv,Technical Services (New/Upgrade),csopenspce,Open Spaces,real_public_reference
3b255fb0de0bdd03728dfd78de7cb03734bc7f4c6e4dfc6bf3e1120d80e22278,D2,csregserv,EH & Regulatory Services Request for Service,csrefcanc,Refunds/Cancellations - EH&R,real_public_reference
3b934e0de1c9c22cb832986f7a88f3a270086bbf9f5b5808cd67c85eeba51588,D2,csbody,Body Piercing & Tattoo,csprctat,Body Piercing & Tattoo,real_public_reference
3bbff6abdee40b11df1196eedef7981e797a66ca7088b888c63c3c1b7c159f90,D2,csregserv,EH & Regulatory Services Request for Service,csrefcanc,Refunds/Cancellations - EH & Regulatory Services,real_public_reference
3be78618438cbc26c8621bc20c4c3ebfce661d56063e13c05346011a7f4a2ffa,D2,csdust,Dust & Smoke,cscomm,Commercial,real_public_reference
3cff1bdbe80390aec2bb3dcecf94bdd8e02825fb71b97d2550b8a14a7e0c764f,D2,cshab,Hairdressing & Beauty,cshrbty,Hairdressing & Beauty Therapy,real_public_reference
3d0d5b38fdf93aa442e9d8c6407e851d7ba7b2428804d39d3b3da41772ada844,D2,csanimangt,Animal Management,csodour,Odour,real_public_reference
3d437fc19d47ce3df9127ba9a3fe8b8030b4b6d2aa22b959e5af0c1bd4b17b31,D2,csunauthus,Unauthorised Use of Council Controlled Land,csplantrem,Unauthorised Removal pf Vegetation on Council Land,real_public_reference
3d4f6bd38521a2f30d7a1623e6be6e4330115bd0fc5f559df0c89ccaf60c5998,D2,cscomplmt,Compliment,plansect,Planning Section - RS and EH and Planning,real_public_reference
3f33350b7876821b07045d6bb6faba6f458ac0c8efa242d180d7240047274f31,D2,csprkinf,Park Infrastructure,csexstinf,Replace Existing Infrastructure,real_public_reference
3f53a60e993d04970b562fff914a81c99d9b8b495a9ad5ba080e8e35bff03612,D2,cscomplmt,Compliment,tww,Water & Waste Section,real_public_reference
3f5eff077726bdb532435494564a238b58be8fcae6e3499cdcd37808e30a8c50,D2,csprkopn,Parks and Open Space,csgrcutnpr,Grass Cutting (Non Scheduled),real_public_reference
3f63b37d252f8d3d6cfb2c06bafd7ec52f5622d77087efe7ae8daedb59179d8d,D2,cswtrinf,Water Infrastructure,csraisemtr,Raise Meter,real_public_reference
40e44211994747d36f42f0899e5e6f001b11f60d014dbe2e24fb23b597aeb03c,D2,csfood,Food,cspremises,Premises,real_public_reference
41315f0c78f46d28025478adceff29631c524c61c62987149f0c1090ba09de12,D2,cslgt,Lighting,csmaincao,Maintenance (Council Assets Only),real_public_reference
41544d66520d8a1712e62f1f2dde30957a689d445012e6bf1bf15def2e0a0e80,D2,csrates,Rates,csauthtoac,Authority to Act/Mortgage in Possession/Bankruptcy,real_public_reference
42204a2fb5d81d4e7cf6d1c5a2a0421748735699585e47af18271017e6598fe5,D2,csnoise,Noise,csvehicle,Vehicle,real_public_reference
42476fc964f2881abbc0528d11ef470940e93da66ec3479db0b015c46646def4,D2,cswtrinf,Water Infrastructure,csmislid,Missing Lid,real_public_reference
4316ac2e84964fc5f10db87a969786cad178ce9b66ef6e32361ce163f50eb305,D2,cscomplmt,Compliment,mayor,Mayors Office,real_public_reference
44039f5beb58b8ef2be0e374e01554c66096cd8cedd709a854c4c54517d5cb12,D2,cscomplmt,Compliment,customexp,Customer Experience,real_public_reference
440909890573eaefb40cda9cd7428ddfd9dc571d231bed5e7f844a546ac2b31d,D2,csprkadmn,Parks Administrative Requests,csgrnplt,Greening Planting,real_public_reference
447c6e94516c17ac7494dc239471794715e08a4b5214409a89709d1de2775f62,D2,cswtrinf,Water Infrastructure,cswtrrmtr,Replace Water Meter,real_public_reference
44cf90da999c0d6d9582ea94d3eab773c176ddd3cad173458d824b4d10a22f9e,D2,cstree,Trees,cstrbripr,Tree Branch Pick Up (Urgent),real_public_reference
4514fd8849de54c8f7ee62c25287606fef0ad843d9afaaccc70c2206e45c093a,D2,csdevinfo,Building and Development Information,csplnadvce,Planning Advice Enquiries,real_public_reference
457749c6e4e0070f2b0d117fd65a3568721ccc687ab4cb51238453549bfc4b3b,D2,cssewinf,Wastewater Infrastructure,cswwpalarm,MISC Complaints At Pump Station,real_public_reference
46b8d0cf8c55dab90cb546004498029a81eb9f4365bd1ab01c36ed7d5b28593d,D2,complaint,Complaint - General,mayor,Mayors Office,real_public_reference
4707af2fbc0bb4f9fd2e331d83212adfe5c6bac381393367730387b8ee6a315d,D2,cswtrwwtr,Water and Wastewater,cswtrreimb,Water Reimbursements,real_public_reference
475a15300908af980d128a87729d161d1f74e27073e92f640b3e44b0ad2c408d,D2,cstree,Trees,csstmprm,Stump Removal,real_public_reference
47f9b275301adc3ecf9615c00a063c1e1455815ce2a23e1db865f8290c491e23,D2,complaint,Complaint - General,captldeliv,Capital Delivery,real_public_reference
49d8da36a655e2d99501b27a8322534d8b3e8937a43d2191658f0bde65e0c5e9,D2,csmidge,Sandfly or Midge,csbrdingpr,Breeding - Private Land,real_public_reference
49eea47fd18a271e4a2d1eaac73750e47d422ff4ac15864efd31d2c16d4f7f2e,D2,cssewinf,Wastewater Infrastructure,cswwovrflw,Wastewater Overflow Point,real_public_reference
4b4e4c4b2354eaaef2067963305af81b814eb7d3a84e4c00ccd1f7e81ecca536,D2,cssewinf,Wastewater Infrastructure,csprivwrks,Private Works,real_public_reference
4b936c1a0eb9b100d716d8a880af3bf8cc8b2aac0b623572549e358a3e1457a3,D2,csmossie,Mosquito,csdisease,Disease,real_public_reference
4c09309ade2f58833d7b5748c30d14d297cf51a620f1ed95b75b5168e06ca4bf,D2,csinforeq,Information Request,cspdtrdwst,PD Trade Waste,real_public_reference
4c77acd5ebfc005a9716b2a8ef0116495a04c759af4cbd8632a347a7c150dd00,D2,csprkopn,Parks and Open Space,cspltbox,Planter Boxes,real_public_reference
4d31287788ca2fb4c4c6436445c2422ae059eea68d9326d796a2d58f2d214b67,D2,cscomplmt,Compliment,plansect,Planning and Development Section,real_public_reference
4e17729ff93fab73be1ea2a0354907308095906c6385d3801cf00ca9bf6abe1e,D2,csunauthus,Unauthorised Use of Council Controlled Land,csdrivewyc,Unauthorised Driveway Construction Concerns,real_public_reference
4edd2f867ed10a677720fa48664e19485ad064da3a6f1405d50293785a78d215,D2,csstrmdrn,Stormwater Drainage,csblock,Drains Debris/Defect/Blocked,real_public_reference
4ff02dfd31cd55431866e8af0038318161d3e0d820cbe96342f602216cc39226,D2,cswtrinf,Water Infrastructure,cswtrpenq,Water Pricing Enquiry,real_public_reference
50b53cff1e7455e7b3fed31e6328df1e1fccc55add3cee2b88ed820242d45f73,D2,complaint,Complaint - General,customexp,Customer Experience,real_public_reference
517a6de17e852438311fd28f36c32856b5ed03abdf65cc06100dc73db06050ff,D2,cslgt,Lighting,csresnl,Residential Nuisance Light,real_public_reference
51afbc86ab276acc74259816e09850771b3ac79769aa9083d19815c3380c1d66,D2,csinforeq,Information Request,cspdcouenq,PD Counter Enquiry,real_public_reference
51cf642a2928edc9b46a3856375563271eebdd85f9ab57c3f2015c50c8370105,D2,cssewinf,Wastewater Infrastructure,cspushcams,Push Camera Sewer,real_public_reference
51e271f0f600bb114220a01d987ba3f4da0d351d5d884a703775bb20aaead030,D2,csfinance,Finance,csreccorro,Receivables Correspondence,real_public_reference
520d5a9b3334fb398b24c095e36beca01e4d8423f300a9021fdbd7e821c86a1d,D2,csvhcl,Vehicles,csabandveh,Abandoned Vehicle,real_public_reference
5418582a6f148600d3a506c4e9a6066f309e3a5ed55116521f356b3986661fd2,D2,cscamp,Camping,cscamping,Camping (Internal Use Only),real_public_reference
54387a8e382994bd9587e402661d1222a1a4958cb9436b1e241be6c6f12c0f56,D2,csprkopn,Parks and Open Space,csflorfol,Flora and Foliage Collection,real_public_reference
54bcc3e77fb293abc92a69ce28e4a8bf53f9c439ebae2b96f21daf56078784aa,D2,csprkopn,Parks and Open Space,csprkmaint,Maintenance for an Event,real_public_reference
55511b1c3045302de892e2da212a9b02d56bae4412f780ad9b61896353499f58,D2,csregserv,EH & Regulatory Services Request for Service,csreclaim,Owner reclaim abandoned vehicle - EH&Reg Services,real_public_reference
55547f6765b2db60f48419cb9498a69098d49d237e3fbef12425ec0ce32a140e,D2,cstree,Trees,cstreerdwk,Tree Approval in relation to Road Works Permit,real_public_reference
55d2f43c3ee2d7c61358fc4d876a6281f931cbd0cb2999c94cff1a8d61316b69,D2,csprkinf,Park Infrastructure,cspkfrnnpr,Park Infrastructure(No public risk),real_public_reference
565e505f06dd55d6a2bf8bf2c4c155b0b0bd609cf5b6af2932b56e24303f0be3,D2,csinforeq,Information Request,cswasteenq,Waste Enquiries,real_public_reference
569e9077e303a755e0d63a9ce16ced8dfc39301026171c76d3e057af62d4a43e,D2,csanimangt,Animal Management,cspstmgt,Pest Management Plan,real_public_reference
56d1a67da7ace1ba75bfc3fd1a8c158e4051b84d7643cee0f065f982c94a7f1f,D2,complaint,Complaint - General,itserv,Information Technology Services Section,real_public_reference
57201995a2fb4602d1b3f0961ecda7fde5eb5ef79bf1d6f74bff3eacae9a1913,D2,csinfinfo,Infrastructure Information,csengadv,Engineering Advice,real_public_reference
5764f47a7019d8e55c76f91f8f9847ce697a2c5adc7546c66c734cd7e28966df,D2,csdevinfo,Building and Development Information,csdevenq,Current development - enquiries,real_public_reference
578efa48bdfe45857967532cc97b0e294cb67d958552c195a17ed81d867978a4,D2,cstechserv,Technical Services (New/Upgrade),cstraf&rds,Traffic and Roads,real_public_reference
58dfa8b36a69c05824e43bc6700083a2f280f06941c6451f19e1375afb6bd182,D2,cswtrqlty,Water Quality,csdrtwtr,Dirty Water,real_public_reference
59bb3e04b733da3cc18f1a3a2f4d0c57900868e053d6605cb70ba64e2ad6631e,D2,csrdancil,Road Ancillary,csspdmanag,Speed Management,real_public_reference
5af666964894a5db9bae94aea09624419118552d9b941742884ebbd2f65bbb9e,D2,csownsearc,Ownership Search,osownsearc,Ownership Search,real_public_reference
5b2bbe5146d9c1f0b142f8d857e7210add1a698c12f5ac54326373fb209f7140,D2,cswtrqlty,Water Quality,cststodour,Taste / Odour,real_public_reference
5b3e22eca7cd0fb5311f99c9744963f0eb3de8e1bec7a2a88cfe46a560df0395,D2,csanimangt,Animal Management,cskennel,Kennels,real_public_reference
5b4bf2b36c9ad2a851fe279805454d4957ba9d3438c8946739c751a3089885ba,D2,csprkinf,Park Infrastructure,csbbqrpr,BBQ Repair/Maintainence,real_public_reference
5bb6371e25c545e30547e852ea7aff1dfa4bebfea4b8c87103d2d88e73fdb4b1,D2,csanimangt,Animal Management,csregu,Regulated Dog Inspections,real_public_reference
5bf37e1ac19c5f930254b86c9a6373b8a3b87a3d12f557a29032bf94a03158bf,D2,csrates,Rates,cswatplan,Water Pricing Enquiries,real_public_reference
5c810aee2628dd689d66556608730b3bf47fb9d31015701eee5e2b3dbdee5f53,D2,csntrlmgmt,Natural Area Management,csbatmgmt,Flying Fox Bat Management,real_public_reference
5cbe6517aa5ec9c9bbcca775b267296aa773e21947f12a7f02392ae7b52e18d1,D2,csunauthus,Unauthorised Use of Council Controlled Land,csvhaccess,Unauthorised Vehicle Access on Council Land,real_public_reference
5cd4a8ab96acdc3552bde354a476488a1fbb72d8069aaf4d0a937c7b326c8b4e,D2,complaint,Complaint - General,comeng,Communications & Engagement Section,real_public_reference
5d90f5b5f3fea4e96902ce00b54a82295b51dc996b41f55b29ff5abcb89d982b,D2,cswsteserv,Waste Services,csbins,Bins Odour & Placement,real_public_reference
5e3ea8f8474b3089454f33e70a8f284913aaf5e360c487d92c40c25c8a1708d9,D2,csbuildpc,Privately Certified Building Lodgement,csform22,Form 22 – Notice of Discontinuance of Engagement,real_public_reference
5e9d791577360afbc3c1186baeaf3633576393ba02a8283a7481b70d1fcf4ad1,D2,csmossie,Mosquito,csinfo,Information,real_public_reference
5f0d43d66951ce63867c70e273a2587831c6090d065096670fbb2c7f70aedc62,D2,cssyringes,Syringes,cssyringe,Syringe collection,real_public_reference
60ba92305f314ddfafc4aced335c73eee850d3c048771c9514c18e64c3418319,D2,csanimangt,Animal Management,csnoapprov,No Approval,real_public_reference
6101aacbc53cbd58622712fbdc205e651813b7ebc35cc50165a5d2868ac09e67,D2,csrates,Rates,csdiscreq,Discount Requests,real_public_reference
6108cdddcea1f7c22092cd598f55f9254311b76c45837fc1c49c5aabfa98a93e,D2,csdrvway,Driveways,csashplt,Ashphalt,real_public_reference
618f6e8fbfd314685f436efacfe9d3ff548c65b2b2279cb6eba23359344968a7,D2,csregserv,EH & Regulatory Services Request for Service,csnotify,Notifications - EH&R,real_public_reference
61cc05da368ad5d79ceb384e8b2b10f52b83337f4c577c1ea1d1f6278a778a80,D2,csprkadmn,Parks Administrative Requests,csirrmain,Irrigation Programmed Maintenance,real_public_reference
61d356d43ace6b530d22354cedaa55a8166749aea791da3f7ebb254ec8a90ca6,D2,csaccum,Accumulated Material,cscychaz,Cyclone/Community Safety Hazard,real_public_reference
62096d4c648e7fe7f570b782d979c5071a2fccffc7b9175c96e71351f7e7ab75,D2,csunauthus,Unauthorised Use of Council Controlled Land,csconequip,Unauthorised Construction/Equipment on CouncilLand,real_public_reference
62352ec11f84373385e460991115b8ace68bc71ef55f32de0b29c7a3e667c300,D2,cssewinf,Wastewater Infrastructure,cswwpalarm,Pump Station Alarm,real_public_reference
628d29ff2db5f26c1507e1aba12c375f6c5b47ad5c0dbf1aa4ba7abd95594316,D2,cspools,Pools,csimersion,Pool Immersions,real_public_reference
62902d016b3f87db5015d74143e311e10dc152b74e52da817dcf52da6c9029d1,D2,cssewinf,Wastewater Infrastructure,cswwlnfull,Wastewater Mainline blockage,real_public_reference
629eed83f2e4c4445ec847ed1f822f6b0c8e292e889771c09d6eba8a8b0497c8,D2,csehrllo,EH & Reg Legal Liaison Officer Service Request,csehrllr,EH & Reg Legal Liaison Officer Service Request,real_public_reference
6310db600613a1f4a0db3cb08053c793dfc032fb489eba886f83ee013daebd59,D2,csodour,Odour Fumes,cscomm,Commercial,real_public_reference
63605ea7fe329d915d1cebba1a9cda8ea77965fc137c4e7b49766564eb059b5e,D2,csntrlmgmt,Natural Area Management,csvegpusaf,Vegetation - Maintenance and Public Safety,real_public_reference
6407d547cb982a061f7782da396a2ff7ebcb174a55144063dfc42e8bdbab5f7a,D2,csunauthus,Unauthorised Use of Council Controlled Land,csobstruct,Obstruction Blockage of Council Land Road Footpath,real_public_reference
64b29531b871d20ad2529d06c1b5c84bb0ad4813ee398e31058763b577b5df5b,D2,csinforeq,Information Request,csanimgmt,Animal Management,real_public_reference
64d2afd02824e5413f85f8d2010689fd324749f98ce7874c19f343fbdde1c26e,D2,cswtrinf,Water Infrastructure,cswtrbmtr,Broken Water Meter,real_public_reference
65aa3bea9bfa13c06bb43eae20f8f2d81161e9cd00849f8596142b0881193913,D2,csworoads,Working On Roads,cslan,Land Access Activity Notice (LANS),real_public_reference
6738f41a30b2de3a6179382791588a19245ca7c484fa536c1416c5e84bd9d037,D2,csinforeq,Information Request,cspdcitygr,PD City Growth,real_public_reference
673bb6573622b5ab72b3a9c62af1a7fc6b5a9786d3908b1df999950f5687fbcd,D2,cswtrinf,Water Infrastructure,cswtrlmn,Leaking Water Main,real_public_reference
67d2f0d6809d44b232c72791114a9b226697eb1a5b0f62d6a1e209e161fc6ce8,D2,cscomplmt,Compliment,pplculture,People & Culture Section,real_public_reference
67dcafd9e2116a65017cccba12e6aee6f31b1a527d98d64be00d8e27fddd5df7,D2,csregserv,EH & Regulatory Services Request for Service,rtwaives,PIN request to withdraw/review - EH & Reg,real_public_reference
6822e532e9ade78304aeba6458a8c30e668b21f63e551a1d748485ff86b69262,D2,csanimangt,Animal Management,cskencatc,Kennel / Cattery Compliance,real_public_reference
6870dbe02101eb82e985edf1123d77e5c26152540b40490dbe393c1f68a925b3,D2,cswtrinf,Water Infrastructure,cswtrlsc,Leaking Stopcock,real_public_reference
6893c3bd54df85df9afe2f51236918ae6dd7fdee6c32d791aed2643210820921,D2,csprkirig,Irrigation,cslnloc,Line Location,real_public_reference
68ee3ccb18b8dd69908880e458cd86e4a3b996581b9e880a20d10f866fbf0b2c,D2,csinforeq,Information Request,cspdplmdrn,PD Plumbing and Drainage,real_public_reference
6924ebdd5d5413a17d9b29233392e2c7ceeb401c06adabb436433fc7f2b02a49,D2,csprkirig,Irrigation,csnewinf,New Infrastructure,real_public_reference
69465ec9572fa48c8ac63c70c9d5b543a49833ec0092393ce56cfbf875015aca,D2,csinforeq,Information Request,cswwater,Trade Waste Enquiries,real_public_reference
697d60b3e267e24e27f4da4e0c30de9b8e0d4efb93c4e875fd28edce70d5dae0,D2,csmossie,Mosquito,csbrdingrc,Breeding Residential / Commercial,real_public_reference
6be55d74ee492fa17033bbd68b1894fc6a4c9bed01bc0a5e691d3323336f01f6,D2,csinfinfo,Infrastructure Information,cspropty,Property Management,real_public_reference
6ce2fe5aff4a2a36ffd12db1309c243b16cac4ced79ef26d30733f651fe1fd44,D2,cspools,Pools,csplfnenqu,Pool fencing enquiries,real_public_reference
6d41af049746304741ad4a0b2ab4ab180db8b81a8be4b7ff9eb0a259fac1828c,D2,csprkinf,Park Infrastructure,csplyeqnpr,Play Equipment (No public risk),real_public_reference
6dd20ebb6a527df7792cdb9d7f92c3cc21d2dbf0ea6a50547847d010a6319338,D2,csanimangt,Animal Management,cstrfclvst,Traffic - Livestock,real_public_reference
6e0c26e9205e5675e53d63069bb22a310374e1ac13a89b8af2e5a738565c8126,D2,cspubhth,Public Health,cscovid19,COVID19  **this category for EH USE ONLY**,real_public_reference
6e97aa75a6d21c561243a215ee751f2a2952bf4888a00e4044395cb688cb331e,D2,csanimangt,Animal Management,csregdog,Proposed Regulated Dog,real_public_reference
6e9b5a4a6f65d29b6e8b212ac87d65b07cd2d035c81b13e5207439aa7ba781c4,D2,csinfinfo,Infrastructure Information,csfleet,Fleet Services,real_public_reference
6eec349d68afb620d82919942c91c636bb2fa87601b7b9ef2adfbda8f9a3da35,D2,csinforeq,Information Request,csregsrvs,Regulatory Services,real_public_reference
6f8638eb5d137e66a6b39f9e698b53851468be336f330dc7ad776421b9b431e9,D2,cstrflgt,Traffic Lights,csmaincao,Maintenance (Council Assets Only),real_public_reference
701da843ce9f48f5059474afec3cbb6d87e1c9755ff38d8c0b8323e52995053c,D2,csrates,Rates,cshomeinc,Rates First Home Incentive,real_public_reference
706c83e65aa1bc8894b10584ae6e3315793e63038b2750acee9dc03c79b96806,D2,cspkscrt,Security,csantisocb,Anti-social Behaviour in TCC Parks/Buildings,real_public_reference
714b6332891bacec52998ce1393d26b2f0f26eb28437380e1629d3eb2737768c,D2,csmidge,Sandfly or Midge,csbrdingot,Breeding - Other Land,real_public_reference
715d684d9bbbe2cfba17180867684bf8fe382f4e714d644228ce7795bf6b9049,D2,csfood,Food,csfpdine,Footpath Dining,real_public_reference
722b4c784a95adbaa8d15b04f83ddc2cf7af8d297ca93119392eb9cf85d60e16,D2,csstrtswp,Street Sweeping,csvehacc,Vehicle Accident (Street Sweeping - Broken Glass),real_public_reference
72339a50c43c165d3ae4806b6cfdc498d290052016ef01ad2298de1b28bd3c58,D2,complaint,Complaint - General,plansect,Planning Section,real_public_reference
724b119765a5102e2a3cd56333b396800be8193a4f2b5718a2c070884cab3505,D2,csprkinf,Park Infrastructure,cssprtrec1,Sport and Rec Infrastructure Approvals,real_public_reference
72d2c95309b32d31537b04f0056539e83960363d385c9e2ab1fdcd9663838043,D2,cscomplmt,Compliment,cultlife,Culture & LIfestyle Section,real_public_reference
732924e0edb16ab89f133d12c5628879369494a64c86dd51a4308b5055d36f81,D2,csstrmdrn,Stormwater Drainage,csexstdrn,Replace Existing Open Drain,real_public_reference
7399b65f7c0ecd6ee180c98c6d74f75fcf7549edcd01230f3e00368d80688aee,D2,cskrbchan,Kerb and Channel,csdefect,Defects,real_public_reference
749f1299b1d6e3fbd9b81a430812e4c7f223557b5a685bedfa773adbddaad881,D2,csworoads,Working On Roads,cslono,Letters of No Objection (LONO),real_public_reference
752859a89921e73073a77b347cd90b80ebaaab2c5be51edc206af1a95842bd4b,D2,csprkopn,Parks and Open Space,csvegcntrl,Vegetation Control,real_public_reference
754cdb02b9b69570a80211c8c9a65ee0a27bb75ec0c80755053804d4138d022b,D2,complaint,Complaint - General,engassinfp,Engineering & Asset Infrastructure Planning,real_public_reference
761e02535191eb5ae1289e36cfab8396d6d3860c59f2343171db02e228a38e48,D2,csinforeq,Information Request,csacac,Animal Care and Adoption Centre,real_public_reference
7626b501c07748e424708064838fdb9ab3ba0ee3ce15f70b8d93e1bf67a58dd0,D2,csinforeq,Information Request,cswwater,PD Trade Waste,real_public_reference
76e7f288969a97eb0b52e32bb29e26bf08a8d60e7241765eeaa7d77d849a91b9,D2,csvhcl,Vehicles,csabandveh,Abandoned Vehicles,real_public_reference
7740dc8948d4c931abbe067e34edc0f00a4f08a5057dcd5a483a0c714d15f8bd,D2,complaint,Complaint - General,exoffice,Executive Office,real_public_reference
7868c9779d97dab0ceadb0f8bb4cdc2e9456e8b66e94167b0865e73450f29b9d,D2,cswsteserv,Waste Services,csbinpartc,Wheelie Bin Parts - Damaged,real_public_reference
79014126e87f8e521fd1ca2bdbfc291d60a79180fa2808abb54476a915aaf43e,D2,cschgadd,Change of Address/Details,csehchga,Change of Address (Regulatory Srvs),real_public_reference
7b3634fce4af6cdca255e4e4c7124b53372543dfaeb5da813c150fe47d3b19b4,D2,cspubreact,Public Reaction,cswatrest,Water Restrictions,real_public_reference
7bb6072a9e1bccfe136910327cd3629cbc306a1a967af2c3fd27f04b72d0e440,D2,csprkadmn,Parks Administrative Requests,cstermwant,Termites/white Ants,real_public_reference
7e126d66069af0f8aa258406698a621e4fa86715cec958fd768af42ace2e6f69,D2,csvandal,Vandalism,cspkfrnipr,Park Infrastructure (Imminent public risk),real_public_reference
7e15ec694ee1a873de6c3a7da355580cae3243042a5aa8bc71d0b8f87537de67,D2,csprkinf,Park Infrastructure,cspkfrnipr,Park Infrastructure (Imminent public risk),real_public_reference
7ed2b11552c74658e6f71706638edc4886d08435d7be3c84995afde340e863f8,D2,csprkinf,Park Infrastructure,cspthrd,Pathways & Roadways,real_public_reference
7eed588f07b0d44a2f5ea23cd20d9f1ee5f72d7b6f46c91afd891e15c2e1d961,D2,csstrmpmp,Stormwater Pump Stations,cspmpdef,Pump Station Defects,real_public_reference
7f5ca342863709e1db2d9af455cf88abda5b6efa9bd22225df3255caaecb7666,D2,complaint,Complaint - General,assetfleet,Infrastructure Planning Assets & Fleet Section,real_public_reference
7fde74de4b69a8965561fc4dbe233d9e5cda36076d633c4665576af7c34095ab,D2,complaint,Complaint - General,assetfleet,Infrastructure Property & Fleet Section,real_public_reference
803f12ae0027cd4df18024440de88490d2d5e9b1276a1b589eb405fddca5b5eb,D2,cslgt,Lighting,csnewsll,New Street Lights,real_public_reference
809029d268f51796f3a9af85dfa2497b94d66264b80148c1b6defe345cf119ba,D2,cscmntyedu,Community & Educational Programs,csrbscntr,Rowes Bay Sustainability Centre,real_public_reference
80f2b4558e80c587626a93d90ca9b1d07c5f26b15185a8d14b52c6b179641749,D2,cswsteserv,Waste Services,csvetcol1,Vet Collection,real_public_reference
82048cc0b496cb863ff2156c66b8e9d5f4bcd965cf7b1bf0e97ab999f4339725,D2,cswsteserv,Waste Services,cshardru1,Hard Rubbish - Booking Collection,real_public_reference
82c7af02c929396b65bdea36ea6af59ef7a8e6648c18e756d084b761e38766ec,D2,cscomplmt,Compliment,resrecov,Resource Recovery,real_public_reference
83a498c49a22e8a023b90d9ba35b5001f8baf1b8859464c3db8a28798ad0dfec,D2,cscmntyedu,Community & Educational Programs,cscitislr,Solar City - Smart City - Energy Management,real_public_reference
83c488ec49d2f9318e53bc384e52013695252df51c9e15183be46bd46760cdad,D2,csntrlmgmt,Natural Area Management,cspbeacha,Coastal - Beach Pedestrian Access Paths,real_public_reference
83f68575c5a61d7df41447a244f08accc6a638d265725b1160ddbfb5a4ae5e44,D2,csinfinfo,Infrastructure Information,csasset,Asset Management,real_public_reference
84031dc4ae48d90ebfaa7731f38bf0690b8a33e239846a054d9ce36fdc7c16c1,D2,cscomplmt,Compliment,itserv,Customer & Digital Services,real_public_reference
852fe558c62c4204e6292a90eabc26f236a5bbb0fd032a7a732ad6dfff746855,D2,csinfrasrv,Infrastructure Services,csother,Other,real_public_reference
85bca973f23699dd7f6c4b801e827b8689c97949720186c3cd997222fb717fb0,D2,cswtrinf,Water Infrastructure,cswtrlvalv,Leaking Valve,real_public_reference
86e19641a321ac21cd8de75fefc45fa4a76c9e012b8df07ab750dc02f8d41256,D2,csfprr,Footpath,csexstinf,Replace Existing Infrastructure,real_public_reference
8701bed440296016f47f1901faae8e71808259c6eca8df8a65fd766e0ceb0a2b,D2,cscomplmt,Compliment,plansect,Planning Section,real_public_reference
870c3e80f9ce51647a38ce36f4ff9bbbfa5081ded82795f2ff5e21976899cae1,D2,cssyringes,Syringes,tccowned,TCC Building/Community Centre/ Public Toilet,real_public_reference
87432a022059396ae582539824eb3f7c591dc7021e48df5fc03a7e78b942ac8c,D2,csregserv,EH & Regulatory Services Request for Service,csrefunds,Refunds - EH & Regulatory Services,real_public_reference
874ecb84567f21086754ac6be8b379d37877132939f6875f11eb55856227cbe3,D2,csaccum,Accumulated Material,csuntdyalo,Unsightly Allotments,real_public_reference
87af4b94be49d3ec052b5c2b822381e637d75429341773e6e404afee42fb41aa,D2,csrates,Rates,cstsfrcred,Transfer Credit Requests,real_public_reference
87e03851cfcaefc140c6232612fef061169fda74b2b876a37ca31ad56f892512,D2,cscsh,Community Safety Hazards,cscsh,Community Saftey Hazards,real_public_reference
883f27a356dfe2a17ce12743bca03a15fa110424aa4ced81ce29adb5ea263d4f,D2,csprkopn,Parks and Open Space,cshrbcd,Herbiciding,real_public_reference
88b813ac37445b2d50fc97663ab21baf7f5fe72e778c28f6b33aeadda5448f4b,D2,csstrtfurn,Signs (Traffic/Transport),csmstsign,Sign Missing / Defective,real_public_reference
88e7db9c2eccacac30500ab8922034de5a9cd9cac79e1ca637dc0dd6e92c3b2b,D2,csflagbann,Flags Flag Poles and Banner Poles,csflag,Flag,real_public_reference
8945a2db8d0124bad195bc3d89e2370585e31f85609330f829558787073d293d,D2,cswtrinf,Water Infrastructure,cswtrlinf,Leaking Water Infrastructure,real_public_reference
8a0beb29de1f0c79b8d036965fb1564c07b3677a289afd59416cddff973f16fa,D2,csasbest,Asbestos,csasbestos,Asbestos,real_public_reference
8a1a5787ef3519c0be37a284ca64cdf5dc8b2ab1debe2c392d3db52bd0b88f01,D2,cswsteserv,Waste Services,csbins,Bins Placement (LL7),real_public_reference
8a3663db4991b9c69e51796c9fc643514b2992ad567932e8b1587867a3140fd7,D2,cswsteserv,Waste Services,cscasulbin,Bins Quote for Collection Service (Lift-Once off),real_public_reference
8b99c9b813ef9aca7e1438b8a4e543077cca45f5ffdfc0017594c5ccb7d2ec4f,D2,complaint,Complaint - General,comeng,Community Engagement Section,real_public_reference
8bbb72e77a4bb7592ddc3ab9e81059481ee30d3d7c87782a594e0a0d203fa7ee,D2,csrdancil,Road Ancillary,csbktaxped,New Infrastructure,real_public_reference
8bbcfb399196ae4298f1b1483b17bd4da4ea9d3e922ad1e15cd98b06661c60c3,D2,csrates,Rates,csobjg-cat,Objection (General Rates),real_public_reference
8d412d424c81bd3e5f673b49dd5d2251e8ae3e7b5d12065a05420de472047a3c,D2,csanimangt,Animal Management,csproacpat,Proactive Patrols,real_public_reference
8d7e25379c99427ffd55b0c50665b07c3eff25e5f96b9ac3e9012595bd5c9af4,D2,cstree,Trees,csresplnt,Resident Planting,real_public_reference
8da5827a6e6b29c124619485738d1f98c491f12d485b671386a37a1ece1d5202,D2,csbuildpc,Privately Certified Building Lodgement,csform56,Form 56 – Notice of Engagement,real_public_reference
8dc4b0b77f45442e84a6ac6bd05349f75103147505476f94aec364ace1406991,D2,csunauthus,Unauthorised Use of Council Controlled Land,csplantrem,Unauthorised Removal of Vegetation on Council Land,real_public_reference
8e7a91d5f53c079ea1cac64de1bda9b6ecfaa949e3178eb2116000250c65fcef,D2,complaint,Complaint - General,envservs,Environmental Services Section,real_public_reference
8e7b3a6b3ee9af72686e4c7f0e63bc6a49ee6a3360269c80f5f0633ede78a151,D2,csanimangt,Animal Management,csdefecate,Defecating Animal,real_public_reference
8e852f57de76b670b2e9063f39659e684bc6cc86df2e7424cd80c98804b21e97,D2,cscomplmt,Compliment,futurecity,Future Cities Section,real_public_reference
8eb1500b772f58db0830af45d0a57fbb57fb2c8f90100efc316ca6b0981bf3a3,D2,csntrlmgmt,Natural Area Management,csfrshwtrl,Freshwater Lakes,real_public_reference
8eb2037e39c6094336735026385929cf87316b4d7497865b991256de79bcaae0,D2,qccorp,QCCorporate,qcpaymthd,Pay Method Feedback,real_public_reference
8f06866ce59e55c03535df00f1d9bf57bb281b7433af6f06e2aaa47284de1eab,D2,cssealrd,Road Sealed/Bitumen,cspvfail,Pavement Failure or Surface Defects,real_public_reference
8f5e12fc3ac04bff2d15ea1e7e962a8ea61a920da4ad0694bacccabdf2d78fde,D2,csinforeq,Information Request,csregsrvs,Regulation (Compliance Team),real_public_reference
8fc0250c3e593a5d65ba275e6d9b3e825905af29238d951096fd4b4efa7a9522,D2,csregserv,EH & Regulatory Services Request for Service,csacacvorf,Animal Care Adoption Centre Volunteer Rego Form,real_public_reference
8fd868aa8f883e75551c7dcd58041b15e813ec07a144718919fef6062d61e9e9,D2,csdevinfo,Building and Development Information,csbldperm,Building Advice Enquiries,real_public_reference
901b8a86fd7ae1d16afa34d3b13452e7814a383a88ed7c8a1c91cd2ecc41259d,D2,cscomplmt,Compliment,envhlthreg,Environmental Health & Regulation,real_public_reference
90226b199d3984eadeb5c3457023813b0c06745c9c4820f04f8cad7740a49990,D2,complaint,Complaint - General,envhlthreg,Environmental Health & Regulation,real_public_reference
9028ed99fda709e818a2cf03f2f115a60356715e328d89ed427f41c983d7f32c,D2,complaint,Complaint - General,cultlife,Culture & LIfestyle Section,real_public_reference
9053f979de0f10d570eeb753f37c9be2c901895a04ca37e189f9daae715e36b7,D2,csplanllo,Planning Legal Liaison Officer Service Request,csplanllor,Planning Legal Liaison Officer Service Request,real_public_reference
90c7c6fab6dc6c4e0cbd25ce81723722a176f42687b1f6f30414884c4341094b,D2,cssafectdy,Safe Custody Documents,csbkgtscur,Bank Guarantee (To be Secured),real_public_reference
912e25b4ef4cc8ec6a3ab63be29c218eb05df0f2d5d12d6f1ca5f2d2cc30b283,D2,csfprr,Footpath,csobstrn,Obstruction,real_public_reference
91379df9222973b7e7841b5fba83d09f42d53417a41d696781a1ae33f4250ee0,D2,cswtrrstr,Water Restrictions,cswtrrenf,Enforcement of Water Restrictions,real_public_reference
914c7dac83d9d61bcfe73db6995d50ac352a49918ed4aa4ecbf8642130185b6f,D2,csprkinf,Park Infrastructure,cspbtltmnt,Public Toilet Maintainence,real_public_reference
916a517e00b3140f1cb0c77a14f4ef54d5b9f6ebeedac29f826c23d2bc83d6ac,D2,csanimangt,Animal Management,csprivimpd,Private Impound,real_public_reference
91bbfce8c572131286d9909fed1bd4575531a1991ea6e3f893d43e54614aeef5,D2,csovrgrn,Overgrown Allotments,csprivate,Private,real_public_reference
91c4e266fe89e5dbd1c8f1f31406d942a6b9eb36b5d89a2a245de7cecb2e2584,D2,csinforeq,Information Request,csmaintpo,Maintenance Planning & Operations,real_public_reference
924cf067de4a03b20d22a3cdd0549192b669ea6bcf91eea2dc866716b912b3f4,D2,cssyringes,Syringes,csopspace,Parks and Open Space/Roadside,real_public_reference
934c4c9583fd0ab36e0c233c09519256a4f45adce58fcb933897aa3eb19e1e0f,D2,csunauthus,Unauthorised Use of Council Controlled Land,csplantveg,Unauthorised Planting Vegetation on Council Land,real_public_reference
935f8301238fd303d5c25617bee61da1114f933862f134d65b44094f8b64d82d,D2,csenquiry,Customer Enquiries,csprkinfwt,CS Parking Infringement Request to Withdraw,real_public_reference
9392eb9bf27d76f896eefaabdcaade194dfb8501ef1c93ded5e3b2150c368091,D2,csproactpa,Proactive Patrols,cspatrolin,Patrol Inspections,real_public_reference
93965e760d4f09a5c96f025922e821415800c7bbd0d114d2b17a7baebe75eb11,D2,csinforeq,Information Request,csdevcompl,Development Compliance,real_public_reference
93e2c598edbdb433fc2aa262384a2fb81b15517924a3d5c915b7c5e8f2f874a5,D2,csinforeq,Information Request,cspddevipr,PD Developments in progress under construction,real_public_reference
9453af65b65567b9eee7301c073d73bbdb55845a5bbe666bcd36a1cffacc845d,D2,csinforeq,Information Request,csvectcntl,Vector Control (mossies etc),real_public_reference
959fb48f5a9311e260a68f9653bd395c4bdb245e384c159d74e6f3ad86d4b720,D2,csprkirig,Irrigation,cspkplmmaj,Plumbing Maintenance High Priority,real_public_reference
9687d0efe7e049bb0b35fce9f2b6bf8b0429c7acd3443d0c5ee41c1c0edd625c,D2,csanimangt,Animal Management,csaggrsve,Aggressive Animal,real_public_reference
969529459bd0b28dfb15d081999cdb7a89b3964b089a073e7af80b101b3b5c41,D2,cscarprk,Parking,cschgcarpk,Changes - Time Limits  Zones  Disability Parking,real_public_reference
96a1d0d480acc6a92da4f8b32327d20b4e222ac92f9dcca2d60f34ec3988eed7,D2,cswtrinf,Water Infrastructure,cswtrscoff,Stopcock wont turn off,real_public_reference
97429b1428e1cdbf931583eaab1e74fe8d8477cad499030a913a77dd0a4b36a7,D2,cssafectdy,Safe Custody Documents,csbkgtrels,Bank Guarantee (To be Released),real_public_reference
975b929017f3ca6140f32a9483d332afa7f584281046d4cd16e542f6a03cdb70,D2,csrdancil,Road Ancillary,csgpdefect,Guide Post Defects,real_public_reference
9782a42d20fca96fcc1d2832fe2f07a19252466048e009506ef45f9f648728db,D2,csstrmdrn,Stormwater Drainage,csbpitlid,Culvert Defect/Obstruction,real_public_reference
97d24e8427d2ebabf55997fad8c2675f7282c6e8ebf9808e17ea7a0767ecd4ea,D2,cswsteserv,Waste Services,cshardru2,Hard Rubbish - Non Compliance,real_public_reference
982002c9469cfccd2ee4557c9112b9e1e5ba5da345b9f376dd6601f579b75c1a,D2,csinforeq,Information Request,cspddevcom,PD Development Compliance,real_public_reference
9917fa6ac79e6af8922edf297403e30c7cf8d3aa7172da679356fb77bbe46fb7,D2,complaint,Complaint - General,envservs,Sustainability Section,real_public_reference
9a240f39214c4dc1a95c506aeeeff82f4f82adf6f1aa9099c41f09e3b3edec75,D2,cswtrrstr,Water Restrictions,cswtrrstr,Watering Outside Water Restriction Guidelines,real_public_reference
9a4222d2a559d83bde8ac4a76b75ae4012057432eed3e6845df71a200ba9c870,D2,csregserv,EH & Regulatory Services Request for Service,csapplic,Applications - EH & Regulatory Services,real_public_reference
9aa1f40b328a829c48c3bec588a34266cf7a614491fc260f78eb44c343459464,D2,csntrlmgmt,Natural Area Management,csmarinewi,Marine Wildlife - Dead,real_public_reference
9aee84f6b337eaafc7291e3b217a48be737ff70fec49b6771fc563da65cea8bf,D2,csprkinf,Park Infrastructure,cspbtltmnt,Public Toilet Maintenance,real_public_reference
9b623876f3ea5860cedb997352e9deadbdabd7c383cd851a7904aa65a125cf0e,D2,cscsh,Community Safety Hazards,cscsh,Community Safety Hazards,real_public_reference
9ca8bb9b9d9dfb23cb85775498dd9a80e436544aa20d73f10b4fbd08c933a9e9,D2,cslgt,Lighting,cscommnl,Commercial Nuisance Light,real_public_reference
9d57bd15d8ead82ab66ae415d5302744f54ae77bf4e8dfde8a3be3b80d0dba65,D2,complaint,Complaint - General,finance,Commercial & Financial Services Section,real_public_reference
9df768885ec8fcbac5cd92e5372b08ccb75611cbb6d343699cfbcbb5d8b94871,D2,cswtrinf,Water Infrastructure,cswtrlsrv,Leaking Water Service,real_public_reference
9e750305e7fcffe46d3dbb49871ef7068b61ec348a3352a47a2539c12c6cbe13,D2,csprkadmn,Parks Administrative Requests,csaprvtrmv,Approved Tree Removal,real_public_reference
9f294afff499d700601577da1cb0d9e75461944b2219f0e0685d227b8f5edb59,D2,cswtrrstr,Water Restrictions,csboreenq,Bore Enquiries,real_public_reference
9ff9c2714913f21b9da6c576270800ff95cf67f146b5a05c50d9c78f116f974d,D2,csprkinf,Park Infrastructure,csnewinf,New Infrastructure,real_public_reference
a02e847a25d885263ad8a85b129a7cf675eb249d13d28eb8ff5435b021243f72,D2,csplmdrn,Plumbing & Drainage,csplmncmpl,Possible non-compliant plumbing & drainage work,real_public_reference
a07dc24f2b33f94da4eca19059f199a55c0b205c9b6a7c196dc1fb7a16351318,D2,csrplbin,Bins Replacement,csbinparts,Bin Parts - Lids axles wheels etc,real_public_reference
a23f09d0d990571a21403daf89caef31548c11a8d90f58cf7a32850d12c9c16d,D2,cssewinf,Wastewater Infrastructure,cswtrsdmg,Site Damage,real_public_reference
a278238a527db44f4569ed039bc0abb34f03d277ad428ce497894d6d3f9fde83,D2,csadvstrct,Advertising Signs/Structures,csadvfree,Information on free standing/temporary advertising,real_public_reference
a392bfd3efd86baba2a91050c8664478fe0fc7e56b3d23e36be3a4bc89149adb,D2,csroadsafe,Road Safety Concerns,csothroad,Other Road Matters,real_public_reference
a40eb19dd675c879d62d43b0a78e89fb9ba317045cbeddf7e8243cb37a3b11d4,D2,csrates,Rates,csdirdebit,Direct Debit Application,real_public_reference
a478e032e8173ff4751113deaa0b99febaddfa0394ba3eeb2ddedc2de7df57bd,D2,cstree,Trees,cswbnpr,Wasp/Bees,real_public_reference
a486df8ea39ab1104ae8e42300fb260066a0f88bfe42e0791cb8ebd444c72df2,D2,csinfinfo,Infrastructure Information,csproject,Project Management,real_public_reference
a49998b1aced8ed88ec7df9281c4eabfc75a0eb8ccb1fd7e9bb99de180e85249,D2,csspill,Spillage,cssplhzd,Hazardous Spill,real_public_reference
a49fcbafcd5b57c29591d8ad3a5a81dd746e51b93f0b36980c8652170a3c1510,D2,cspools,Pools,csplbckwsh,Possible non-compliant pool backwashing,real_public_reference
a5134e9b3e01e186ac33e97d22fd570b9d3c3565ac87866a0cc7b1995d1bde66,D2,cschgadd,Change of Address/Details,cschgbusd,Change of Details (Business Licence),real_public_reference
a5173887b13c67f2f70d5a289f48e1aa66e36881f33cede693c247f1b35a274f,D2,csregserv,EH & Regulatory Services Request for Service,rtwaives,PINs - Request to Withdraw/Review - EH&R,real_public_reference
a559775bb47ceee7be6d5ad37ab713b430ee7a79c89b4c056995338b9981afb5,D2,cssewinf,Wastewater Infrastructure,cswwsub,Wastewater Subsidence,real_public_reference
a596d3643eb7168bf211ebf551af380a0957b2c16fe99327f1bc7de1a682071c,D2,cswsteserv,Waste Services,cscnlbin,Bins Cancel Service,real_public_reference
a5fd7b5217fd6dd092bd3110f5ec1d15d110d2b5c8c1d8cb041736c85aef6f34,D2,cscomplmt,Compliment,legalserv,Legal Section,real_public_reference
a6d5f989553b0a174ede85e1399bff8ae2a4f0f1825b1d77673f73f0142183dc,D2,csproactpa,Reactive Patrols,cselecsign,Election Signs,real_public_reference
a71cef13ecb39ec8d51af11c0a61f59fc7f2f18ee28fb537e57be6617bf6ee6d,D2,csrates,Rates,csrateco,Advice of change of Owner,real_public_reference
a7beeca89d0a5f530479d3cbad175a27fd5c26ca21bbeaf51ce16b6463c87d09,D2,csunauthus,Unauthorised Use of Council Controlled Land,cscamping,Camping (Internal Use Only),real_public_reference
a7f3bf4204c4d687301877e4868d00db666d1f5d6ccbc8e4ce9225fa27dd177f,D2,csinforeq,Information Request,csenvhlth,Environmental Health,real_public_reference
a8bbc7a340175585131d4934706bf812466027d108a9beff51895c7aeb0b0cf4,D2,csspatprop,Spatial Services/Property Land Street Maintenance,cshousenum,House Numbering,real_public_reference
aa18932a8f02bbc09a98cd93a6479a823b90f765f83e72ecb25bbbf7c9af6d0e,D2,cswtrinf,Water Infrastructure,csmissvlid,Missing Sluice Valve Lid,real_public_reference
aa61f27d884ac8c946e71abef163c96f1e298cff7becf4fb40539443fa4fd32a,D2,cscmntyedu,Community & Educational Programs,cswtrcyced,Water Cycle Education & Catchment Tours,real_public_reference
aa9daa6700b8484e5b5d751547371a1bd5b66b60c2fdc6f1f0c7af0007a04f1c,D2,csregserv,EH & Regulatory Services Request for Service,csreclaim,Owner Reclaim Abandoned Vehicle - EH&R,real_public_reference
abd113b1d386c7056ed496abdd5b37c08b45e78e22a2ede48c3082aa57be8d98,D2,cswtrinf,Water Infrastructure,cswtrlsv,Leaking Sluice Valve,real_public_reference
abd4c99cbf09f50c55e7a49e9a3e19b260da7eb3169495a95d2e856a9220e45c,D2,csrdancil,Road Ancillary,csgrdrcbar,Guard rail / Concrete barrier defects,real_public_reference
ac565e07ef9c6dc568ecd84e3bdb28971138ca1d7ab681a2281f1a8340abfecc,D2,cscomplmt,Compliment,propfletem,Property Fleet & Emergency Management,real_public_reference
aca65045a65dac84df3c85545d699d54e761c1ddd7eca31f50a279ed59d4021f,D2,csvandal,Vandalism,csrsrvr,Reservoir,real_public_reference
ad3f8652f98671f55146a806f19a75a6457f91c7097db4d7343d5e756fecf0e9,D2,cssewinf,Wastewater Infrastructure,cswwpdmg,Wastewater Pipe Damaged by others,real_public_reference
ad987a4a172480170243d7e1f268f18feb4fdb94e46c345a687c3ee7dc70f587,D2,cstree,Trees,cstrprnnpr,Tree Pruning,real_public_reference
ad9cdb67ab4db642f8f5e127e5d62183f8d643d35b55905155568973cb6e3242,D2,cswtrinf,Water Infrastructure,cswtrscon,Stopcock wont turn on,real_public_reference
adcb03ecdfb3d7c43c3cda1b7990c31a735496956a01430f806b99dc145d1d53,D2,cscarprk,Parking,csinfvhcl,Infringing Vehicle,real_public_reference
ae9bd8c4aff0d489c09a377d155d9fd283de782888e15f0efec6a2a57bea2f4e,D2,csenquiry,Customer Enquiries,cslansdown,Lansdown Enquiry,real_public_reference
af344b7f272a983d530c5aaea26c76bf73c06e909408e8010aa3e7cac521b1b6,D2,cscamp,Camping,cscampbook,Camp Grounds Council Bookings,real_public_reference
af61fb361e3a653b1cddd610d0b916b893615e2d1963e84e8eb48689d9c163f8,D2,cssewinf,Wastewater Infrastructure,cswwbmn,Broken Wastewater Main,real_public_reference
af9514566a4007df07f049c2346c89d2c85c68f998ff2b55cc42f5e2db35f524,D2,csvendor,Vendor,csroadside,Roadside Commercial Vendor,real_public_reference
afe8ce1543fbdc64a1ba626e40b59ac35f622ac71d6bf0568647b6983ece6b35,D2,complaint,Complaint - General,water,Water,real_public_reference
b2435f08d84b18797589a7ea2674f245728fc5b7b0e0db19cbb71a587bf5d770,D2,csvrm,Vermin,csvermin,Vermin,real_public_reference
b2c50629fb4fa3335d3efe2c011f54743cd3049812ad267d07c166a262a9a6df,D2,csinforeq,Information Request,cswasteenq,Waste Enquiries NOT TRADE WASTE,real_public_reference
b2d0f54d10d51e696402dc01fca19a734da436f04867e288dbb7f41450cff073,D2,cslit,Litter,cspklitnpr,Park Litter Collection (No public risk),real_public_reference
b3501077a82d689033ebc688981df53f675c5a224f9ca431f1879244f153dde4,D2,csntrlmgmt,Natural Area Management,csvegcoast,Vegetation - Coastal Esplanade,real_public_reference
b36f557d5a75b1c3d82067e87b7a703dea63c78d9d752ca11dab41f21b84e6d4,D2,csbusshlt,Bus Shelters,csrelocate,Relocation - Shelters Seats Bins,real_public_reference
b410bf4571ff8f787d5ffa9bb59372136f7e0e4da0b10ac63fd65035df0276ae,D2,csprkirig,Irrigation,cspkplmmin,Plumbing Maintenance Low Priority,real_public_reference
b46f6fb34efbb7b315eb00328a2dfb2b0c328d8bf3e1a5a6d6bea03e20d45271,D2,complaint,Complaint - General,cultlife,Community & LIfestyle Section,real_public_reference
b4ac1376f6b472d00d4999efd7b5cf9935284ea1ac8014c7a9939c93e168b444,D2,cswtrinf,Water Infrastructure,cswtrhamme,Water Hammer,real_public_reference
b4e9b9f1ee0bb2c05ba04eea2c4f29d14caccefdf304b1fdade8762ebffece2a,D2,cswtrinf,Water Infrastructure,cswtronoff,Stopcock wont turn on - off,real_public_reference
b50474c1e5b7e097d5064953c36446f1fdbcd9e45975e66a808c3cd8ece4eab5,D2,csplncompl,Planning Compliance,csnpremuse,Land Use Issues,real_public_reference
b5d67a529a6faafe56efbd6ffad627579eab617b7868dd2dbe8bf4e45e092043,D2,csodour,Odour Fumes,csresiden,Residential,real_public_reference
b6553700ef71e137e5264e38c318cdfbe5c0ba1a19efd10b1b69ff532a97b0a6,D2,csgraffiti,Graffiti,csgrffpriv,Graffiti - Private Property,real_public_reference
b67ec67b0a49fa4884ed46923d4d317f094f76bb8b7c58cab95c96d50de8268e,D2,csbldcompl,Building Compliance,csnstrct,Possible non-compliant building or structure,real_public_reference
b6b42bf8e64f9ae4ae30e283a0cca82ef2bc46b0ed25af204e3f9c1ba4be04c7,D2,csprkirig,Irrigation,csexstinf,Replace Existing Infrastructure,real_public_reference
b720d016d90ee69d5675c12edff2e86bcce4319d6081761f8fe5ba424f2fd4b4,D2,csfood,Food,csvehicle,Vehicle,real_public_reference
b7ae992b695204cb8e5e74dcb4226251e11103e4bb0546006e3b54c161a8bf43,D2,csbridges,Bridges and Footbridges,csexstinf2,Replace Existing - Major Structure Concern,real_public_reference
b9198b4b01331b1c8602d6837d90eb649f953473ac52863554ddf206f6ce0e33,D2,csbldcompl,Building Compliance,csfiredmgb,Fire Damaged Building,real_public_reference
ba0f2d123455d066c60ac09858e058a6f531d433e617b27053aa1b18611cfb80,D2,cscomplmt,Compliment,cultlife,Community & LIfestyle Section,real_public_reference
ba2318b5f91f0513913bd11039501b7702ade7b0d94c54280375a80989963191,D2,csinfrasrv,Infrastructure Services,cspubcln,Public Cleanliness (Blood Vomit Faeces).,real_public_reference
bab978f14ce56b86c62b7a45538046e7d814d9c6c53a0cd632cd7ee70958a085,D2,csntrlmgmt,Natural Area Management,cscstestmt,Coastal-Salt Water Tidal Creeks & Rivers & Lakes,real_public_reference
bbcd9e7c3c3a3fe2b6b656bf89dca97bbabe97fdb806deeec092bd98a5841d76,D2,csntrlmgmt,Natural Area Management,csvegvanda,Vegetation - Vandalism,real_public_reference
bc10d4ed0b93b3700607ed617e7ad8f9c843c5fb15e1e6bd74e9edeb3a5f61ea,D2,cswtrinf,Water Infrastructure,csnowater,No Water,real_public_reference
bc1fc424b3d3bf39c4a99d1c666cbdb25a09575860f083db47860a96fde263f1,D2,csinforeq,Information Request,csenvhlth,Environmental Health - (EHO Team),real_public_reference
bc5eda419d965d3c8c4afa34e48030f957869895c6a876c898080c2619091b28,D2,csvandal,Vandalism,csrwtistd,Riverway Stadium,real_public_reference
bca593977f23174af1732005114d339c86f0774dea987ae3c674ce576af544dd,D2,complaint,Complaint - General,plansect,Planning Section - RS and EH and Planning,real_public_reference
bd40746aea236296ea7200f6151bd4506ce9f4115e086c7a53da4ebe648f5e98,D2,csprkinf,Park Infrastructure,csnewmemor,New Memorial / Commemorative Items,real_public_reference
bd523b33d7dd3394462a254723e67a7534ada71e0c86f72c298139e01b44d5fa,D2,cscomplmt,Compliment,exoffice,Executive Office,real_public_reference
bdb52826250e2b0d0ed0b0b96acc7e13fbd8456bd370c3f3634faa7d28368226,D2,cssealrd,Road Sealed/Bitumen,csnewinf,New Infrastructure,real_public_reference
bddb80eb276923f944c852982480fc70ec4ef70ca93f7b52050eced0d3956f91,D2,csburn,Backyard Burning,csbackyard,Fire Hazard,real_public_reference
be20616cc66e84644312edbbbaf369a08a4ec14a611051472ea13985faabbe26,D2,csreferral,Request Referred to Other Organisations,csrefer,Requests referred,real_public_reference
be6c75c8425ca7900c81aea836df687fd550b859126277093943d71d6b024e11,D2,csanimals,Animals,csapproval,Animal Approval,real_public_reference
be7ab070d60a2758ed71eefdba75b7686e464d26c3131b56ccc60f5f58a6b9dc,D2,csrates,Rates,csrefund,Refund Requests,real_public_reference
bed3e9f2484c333e14a019d43b2c40f0f9ad37164eca458f53977855624c5955,D2,cswtrinf,Water Infrastructure,csraisevb,Raise Valve Box,real_public_reference
c0e1556f27774716c1dc95b6042592bcdac8a6d161ff7a1c480185e6f59c3151,D2,csntrlmgmt,Natural Area Management,csfishkill,Fish Rescue &/Or Response to Fish Kill,real_public_reference
c17f70ea0d5377c5f227d996f20505b8c721feb5208795309f1ef8b9e01b346b,D2,csdrvway,Driveways,csconcrt,Concrete Broken or Missing,real_public_reference
c19b7ebd70815bcab292815b47d42d6e61d6bac34fe6f9503655f2abfb18b288,D2,cssewinf,Wastewater Infrastructure,cswwblkdrn,House Drain Blockage,real_public_reference
c28041d4098da4e4ca459533f6b3f432422832fe373ddeb62bdee11e97e08e1e,D2,csbtramp,Boat Ramps,csclnmt,Cleaning/Maintainence,real_public_reference
c2d1e4df7f8d829ebfd876a40e5f2c97d3041ea75467a71a68149b79ba1ccf52,D2,cslit,Litter,csvehiclel,Littering from a vehicle,real_public_reference
c339c6b63b419ad8d84bf64b52bf99cb9a9831d17c3aa89e6ea72eece213e269,D2,csinforeq,Information Request,csvectcntl,Vector Control,real_public_reference
c4991489c26f18c7521f021b05cb71756d11ff0d77e897d27fe94ca47a174140,D2,cscomplmt,Compliment,water,Water,real_public_reference
c66d02886201c1d0abeda62fbec7aab870d5eb34fa812e21b63a06b655755fac,D2,cswsteserv,Waste Services,cshardrub,Hard Rubbish Collection,real_public_reference
c6e7d0e3ae499d51bd491aeb579aa2ec65e4ae659e08ef0830b9b68b6cde6f80,D2,csfood,Food,cshandling,Handling,real_public_reference
c7022f2bdebc4e75384d087cc93f1f2b1f7deda3ead6adb616ec83a4b1bb501a,D2,cslit,Litter,cspklitipr,Park Litter Collection (Imminent public risk),real_public_reference
c72a55d6125a1c699b5c37911e5d60a0a712bebc27f9861f2c149b9d80b70197,D2,csinforeq,Information Request,cspdrdwrks,PD Road Works,real_public_reference
c80ade8a47a3ba244a2203a03ef56b456fb8f45a042db10a5b6dee212ea0946f,D2,csunauthus,Unauthorised Use of Council Controlled Land,cscnclland,Unauthorised Use of Council Controlled Land(other),real_public_reference
c92edd1e0c3ea5c090480c7342b89514e161556f72ad2bc628711a767304fd00,D2,csroadsafe,Road Safety Concerns,cspedtrin,Pedestrians,real_public_reference
c957d8ecb3091ad496cc16e728a9850e0b456a59a8f83a6801728dd54898744b,D2,cswpl,Water Pollution,cscomm,Commercial,real_public_reference
ca420f120c742eb1d075c3a2b301444a60c963cc945e8e057b80ba0eb65c6335,D2,cscomplmt,Compliment,assetfleet,Infrastructure Planning Assets & Fleet Section,real_public_reference
cb42732ca65dc0f4d2b1b34e46ac7f2e6124cb37b0ee432478c70dac5b4f0a5f,D2,cswtrrstr,Water Restrictions,cswtrrrlx,Relaxation of Water Restriction Guidelines,real_public_reference
cb571ffed2c121666e2e71c7974e4c082173e0673f1daf39418f69075bfb47cf,D2,csprkinf,Park Infrastructure,cslighting,Lighting,real_public_reference
cc938fd36cf4425ccb2d3afb4245c619676cccb11ab973edc706d1df736ec68f,D2,cswtrinf,Water Infrastructure,cswtrreppg,Water Service Replacement Program,real_public_reference
cc9b89fded35ab765e9900e53cb7c70a91ba4e29d5f7baaffdd63553bd8599df,D2,csptss,Pensioner Transport Subsidy Scheme,cspentss,Pensioner Transport Subsidy Scheme,real_public_reference
cca99277d70443d5b0b627783105a58c767fa26d93104c2ebcc5a0797e44da9e,D2,cswatersup,Water Supply,csposwtoff,Possible Water Offences,real_public_reference
ccbdca07870096c5a61ae265712fef0b6ffe0931f109637b0c47f17913aa4b7e,D2,cscomplmt,Compliment,comeng,Community Engagement Section,real_public_reference
ce31ab70a6ef0325e28e5cf3ed9c06720985ad1aa7b0e2ea31d5a6d0286075f3,D2,csbusshlt,Bus Shelters,csrepmain,Repair/Maintenance,real_public_reference
ce908c4542194c9b20fabb4a4ba863911f5e6b75e3d2d038844a42a89a8ac5cd,D2,cswtrinf,Water Infrastructure,cswtrrest,Restoration,real_public_reference
cefefff42f15c3701d66bec8681ea0f08c4e80ab10c001cb7d1a4613e412a2f6,D2,csaccom,Accomodation,csbrdhouse,Boarding House (Health Issues),real_public_reference
cf9cebfbcc88b93a6cab839c995858df7c9bcef6f58a0ef81d11c0699a489f5e,D2,csmossie,Mosquito,csbrdingcs,Breeding Council / State,real_public_reference
d030b8aa9ce32859a6fdde781f1764fb7abe02444dbf212c0f9ea3a12f8d8a13,D2,csanimangt,Animal Management,csapproval,Animal Approval,real_public_reference
d065c7fb8b244e7bca382a3cd3bbc1f0f34ca142b67837fceee4e76fe7a37337,D2,csstrmdrn,Stormwater Drainage,csbioreten,Environment filters / Bio-Retention system defect,real_public_reference
d0cd799f292d179ddbe37dc3e6d01817843929432a2b48d74b9564799f15085f,D2,csproactpa,Proactive Patrols,csovrgrwn,Overgrown private allotment,real_public_reference
d0decdec5ae0b3980d8ce84bc0b73f73fe211503698d7d106100606079b11087,D2,csinforeq,Information Request,cspdflood,PD Flood Consultation,real_public_reference
d0f2a47b84580d23d3cd568c99e3c6763a8c4c2ce2968e9c16d5912fdab1d74a,D2,csrates,Rates,csownocc,Owner Occupier Statement,real_public_reference
d1af91d21d21bcd49c144c6dc2229f3d836a6b32f336fa8dc1f6c8aba6402607,D2,cscomplmt,Compliment,assetfleet,Infrastructure Property & Fleet Section,real_public_reference
d2cd18103ef61d0b9af190948bc1fc9111c96e01ce81aa741ea33581b8ce179d,D2,cswpl,Water Pollution,csresiden,Residential,real_public_reference
d320327df130482b709da1b9d01784006a9f7bde9facbf502b774a06d98385ca,D2,cswsteserv,Waste Services,csaddbin,Bins Additional Service,real_public_reference
d322d2bcac20347c48b9822bc0e65415a8a45a13259fbacf41fcfae444abbf22,D2,csanimangt,Animal Management,cspstaml,Pest Animals,real_public_reference
d3f3eb0a7bca6ef64467ca5febd62c63f04a7c289ea841ed5d6dfe0b561c4567,D2,complaint,Complaint - General,resrecov,Resource Recovery,real_public_reference
d4e7267c8c8b19eebebd0fc4be516e1f4c6d52527fe1ee67a14f7171e9106ad2,D2,csstrtfurn,Signs (Traffic/Transport),csnewinf,New Infrastructure,real_public_reference
d57d571f8bc9fcc5ee0c9abed290155c9e62e41eeab42ddd0e1dfc73db02c669,D2,cssewinf,Wastewater Infrastructure,cssmktst,Smoke Testing,real_public_reference
d5964eff00cd1952d161631a6012892fecc3a74a77e9af0f2e214d6348957b02,D2,complaint,Complaint - General,maintplan,Construction Maintenance & Operations Section,real_public_reference
d59a7d6c4651d99c19cd55c7fe4f118d245321cb6f9c9aa6af63540ff3ac47c9,D2,csburn,Backyard Burning,csburninit,Backyard Burning Fire Hazard - Initial Request,real_public_reference
d64d3c7278f5e3f355825743a24040ef85ea37bc9874f1a90c8f37b5adf493f8,D2,csrates,Rates,cswatexces,Water Excess and General Enquiries,real_public_reference
d7924c583c2bdf44b0a243695addaef84da4034a1fc46b93c6cc25f42403629c,D2,csfprr,Footpath,csnewinf,New Infrastructure,real_public_reference
d81e0eed28e4c4903da27a87883ddf18cad8ffbc889e1c675561998fa0437107,D2,csntrlmgmt,Natural Area Management,csbatmgmtp,Flying Fox Roost Residents Assistance Program,real_public_reference
d84a24d776d7c1bb31a39a931dcb5d89b1a13eea36645b8a8e10e4c2230541c7,D2,complaint,Complaint - General,propfletem,Property Fleet & Emergency Management,real_public_reference
d96a722da5c7915ea06559df568ff6f98c80b9846ceeb04a364b58413d065bc7,D2,csrdancil,Road Ancillary,csrrpmd,Reflective Pavement Marking / Delineator Defects,real_public_reference
da9f3017b4e6eaf79fbfe696354e89d61a44bcd0bc4f65328283b62608f12baa,D2,csstrmdrn,Stormwater Drainage,cserosion,Erosion,real_public_reference
dc3c9752520f3ccaf9dc3df6af11a73fac26c763239a8974715a91696dc940de,D2,cssewinf,Wastewater Infrastructure,cswwalock,Air locking due to wet weather,real_public_reference
dd1a60efe0d3643865b729859ec63149ca4835b8aa4ed0bdcb9015ea9d4b7571,D2,cspubhth,Public Health,csphlthrsk,Public Health Risk,real_public_reference
dd97b57c6d778dc846a824eac2f6917b96c12fcb323fbbed17bd1efc80c047b1,D2,cslgt,Lighting,csriverway,Riverway,real_public_reference
ddacf42017af3a38373149ce409fb7b168497e3c5fd2754bc2a8ca16c34cbd0a,D2,csprkirig,Irrigation,csrwtistd,Riverway Stadium,real_public_reference
ddf5e659d94221dbd6359250837a189707f05c04a84fe8035bd5d69654b95c20,D2,cssewinf,Wastewater Infrastructure,cswwdodour,Odour Wastewater distribution,real_public_reference
de053b819ae2c77d80bba6b87c7008ae0e6b14ae30efe2135ada72d282744fd8,D2,complaint,Complaint - General,futurecity,Future Cities Section,real_public_reference
dec77b6fe522033c94490e1ef5215f880ebebacec04a691caf52c4a263a24411,D2,csntrlmgmt,Natural Area Management,csshoreero,Coastal-Beach Erosion,real_public_reference
def900ae2475ab0d5be86e52e7bc14a229e585c79477290aac357bb0c11a72b7,D2,csprkinf,Park Infrastructure,csbbqcln,BBQ Cleaning,real_public_reference
defb779fd4640e93722f46f213ffd1d98123194f6568b34fa595f63597cd85f9,D2,csaccom,Accomodation,csmotel,Motel (Health issues),real_public_reference
df304a24f9f2f9ac7270794341422e49939db4ee2866ce7e402874f848ecebc0,D2,csrdancil,Road Ancillary,cslnmark1,Line Marking - New Requests,real_public_reference
df69f61b3d16e8ed2836e061b1deed302f972a271189f3b6d94b53540ed84843,D2,csvandal,Vandalism,cspkfrnnpr,Park Infrastructure(No public risk),real_public_reference
e0aaaa3fb1fb0dbd041463dae9c90fa5e9494ebf725ce38a6134d65bb175642c,D2,csvhcl,Vehicles,csvhclbch,Natural Area Vehicle Exclusion Fencing/Signage,real_public_reference
e1ce026ab7de547d025f3075ecb22ebab467cd295b4b778e443333b67eaaa905,D2,csanimangt,Animal Management,cschgdgdet,Change of Dog Details/Ownership,real_public_reference
e2574329ae80b397bda0bcdb880da8b7d95615460f705504a799b0dcb61a5bb4,D2,cspkscrt,Security,cschroming,Chroming in TCC Parks/Buildings,real_public_reference
e2bb79b0995659d3dbc6aacf3964b7d85ceefec50cc8665720f5a7a7a8455a7e,D2,cstree,Trees,csfallentu,Fallen Trees (Urgent),real_public_reference
e2db1acf5555f579590aa6dd8de88a08da412ebd81ddca810b42a2514352f841,D2,cscomplmt,Compliment,engassinfp,Engineering & Asset Infrastructure Planning,real_public_reference
e2e493022b0476fa3f9de3b56c0b0af09e448d914f9a5f198cf76e247132a302,D2,csunsealrd,Road Gravel/Dirt,csregrade,Regrading for Major Defects,real_public_reference
e2e79eb6144cd6084311ea45f2ee39459cbff61f76e8010f9b27a798f990992c,D2,csaccum,Accumulated Material,csunsigbld,Unsightly Buildings - Local Law 8,real_public_reference
e32fdbd26bc47a669515790091db5d16c4cd46ef4e207964847559bc08f95e5a,D2,cssewinf,Wastewater Infrastructure,csnoise,Noise,real_public_reference
e3892ecde16ea1ef93dae2cbc03ce9606fa041f8bbc47902087b359042bf4a17,D2,csstrmdrn,Stormwater Drainage,csdrncap,Drain Capacity Concerns,real_public_reference
e3d1d123289b2950b8c74eccbd7970d013c04db15095aad5428640a74f8ace13,D2,csrdancil,Road Ancillary,cslnmark,Line Marking Maintenance,real_public_reference
e409dd2d0a328916d9ad24297c9cc096205937c6884d922e18bc648f6e756a79,D2,cssealrd,Road Sealed/Bitumen,csexstinf,Replace Existing Infrastructure,real_public_reference
e489995d352e6045e2b1e429bc992d8681525071528221c2849bc45d84e5471c,D2,csinforeq,Information Request,cscmocivil,CMO Civil,real_public_reference
e4bb4465af3f06f7500bd07142ec427d9bdd1001ee9f7776d0b3e98f139d6af3,D2,csnoise,Noise,cscomm,Commercial,real_public_reference
e4d58af8719b07e6236af2614c6cc9c7efb27fd03215d02f2125b06e29dfaa8b,D2,csregserv,EH & Regulatory Services Request for Service,csothappn,Applications - Other EH - EH&R,real_public_reference
e504869c397e4ce3abfee0b89469256ab2f9fb3edf31c0b62003ac76b5172f9c,D2,cscomplmt,Compliment,itserv,Digital Information & Technology,real_public_reference
e5217883189c9ec9b1a83b28026ad207a0731acd6b89acd1a8e2e61ef45dede7,D2,csrates,Rates,cspenappln,Pensioner Concession Application,real_public_reference
e5f472695fca4abdad8f0210dab21d827258c53c9a05275fff984a7941164b10,D2,cscomplmt,Compliment,finance,Commercial & Financial Services Section,real_public_reference
e675e719c4aad7fbf95c076aea71c416831785e05a7ff06f044d695a92e48296,D2,cscomplmt,Compliment,comcust,Communications & Customer Experience,real_public_reference
e6d31d37f2f0b1740def2217ceb46da773ddeeffd19e0a041a62af49893e8b61,D2,cswsteserv,Waste Services,csdmgbin,Bins Damaged / Stolen,real_public_reference
e82bc1fd4e8264bf6c7afc466be3a8f12511986f2c7b113b112e02ea4105226d,D2,cswtrinf,Water Infrastructure,cswtrprsr,Shortage of Water,real_public_reference
e856642922753eee53d4c8944953e7438b15ec1861a02b83101cc38b6f1b11e8,D2,cscomplmt,Compliment,itserv,Information Technology Services Section,real_public_reference
e9c50ec0e77f8a2f080d871b7b367c82549eaf24a46304ceff8038370cf39dc3,D2,csinforeq,Information Request,csparking,Parking Unit,real_public_reference
ea0737236f3e9874f17153d0a1dbebe8c12678bcce9552673072069741264494,D2,csrdancil,Road Ancillary,csdmgcorsf,Damaged Council-Owned Road Side Fencing,real_public_reference
ea46d1b7d563591f90b06c262701b38dc904ae44f230e4d17b8ad94a1b87834b,D2,csbldcompl,Building Compliance,csunsigbld,Unsightly Buildings - Local Law 8,real_public_reference
ea48d263465bb41fd2e5aa428c3bff17566ee4ecb375a395b5323bd614378133,D2,cspools,Pools,cscouncil,Council,real_public_reference
eac18385b298e8a6cb76310c9e6ffb2d520e1c2b7a35f072b401954ff2287cc6,D2,csntrlmgmt,Natural Area Management,csnatnltd,National Tree Day,real_public_reference
ec95d1c81271e9fb205f8e138a5ce70f9247e34505466755a43abd8ea50743ba,D2,csntrlmgmt,Natural Area Management,csadvspec,Advice/ Special Request,real_public_reference
eccb5cc15771a42c7a1d01d2e585ce80361d073c962fba0b42010a89adc23ba3,D2,csprkinf,Park Infrastructure,csfncipr,Fencing (Imminent public risk),real_public_reference
ed0587acbf5a4c234ec58fc442bed951886f94780d46f5242e0bac0b1013efa6,D2,csregserv,EH & Regulatory Services Request for Service,cscancel,Cancellations - EH & Reg Services,real_public_reference
ed0fc657859317a186dca9d5c756988d6abb413531d09e71f15e4ff7a7e692c2,D2,csdump,Dumping,csmissdvch,Missing Dump Vouchers,real_public_reference
ed77914e51af9a1e09bc7f40848ef5ae7cff82de6c96be2e7b396491f6554de7,D2,csworoads,Working On Roads,cswrtagrmt,Written Agreements,real_public_reference
ee9c3bb4128775d3918ffe6092b2f75d569f092ad52347b1494d9bd318bcce44,D2,complaint,Complaint - General,majorproj,Major Projects,real_public_reference
ef8981860787e1387ea3d98109c23da8f578c01eaa0d9df207c31bc08a12cb24,D2,cswsteserv,Waste Services,cspubbin,Bins Public Street & Park,real_public_reference
f03230706fdcba0816375cc84847a3dc2be398e7db5e5646928893c68d68105e,D2,csprkinf,Park Infrastructure,csfncnpr,Fencing (No public risk),real_public_reference
f0b0512b3428318459871743e696c6f40dd753a363a3eea506fb4489c5174aca,D2,csaccom,Accomodation,csbdgtacc,Budget Accomodation (Structural & Zoning),real_public_reference
f1620d19a44728ffd8a4f9478d1418202f2e494890369c1d00caab3be7aaeff2,D2,csinforeq,Information Request,cscmopose,CMO Pose,real_public_reference
f1a02b58f2c14c4a3772eaadac30abe5c1ca1e53912f8aa49b58be2652187f81,D2,cscomplmt,Compliment,envservs,Sustainability Section,real_public_reference
f29a36ec1bfdf7cc0270449e2891df94bbe6a4bbea90dec3ae7836542bd83b5f,D2,csregserv,EH & Regulatory Services Request for Service,cspayplan,Payment Plans - EH & Regulatory Services,real_public_reference
f2cfd6c500d38969939d4fd7b0fdcd4a9491ed906531d01e4c1554360d800698,D2,csrdancil,Road Ancillary,csbktaxped,Bike Lanes or Taxis - New Requests,real_public_reference
f31f856c905d0e1f0eac887be24033be881541dc2dca6a5538e2119aa0658a1e,D2,csproactpa,Reactive Patrols,cspatrolin,Patrol Inspections,real_public_reference
f4bd8e6ff7a43e72e1be2b009c6d0823d7cafc1c3fb565dbcb4b6f02408b7309,D2,csinforeq,Information Request,cspddevaen,PD Development Advice Enquiry,real_public_reference
f4f61e13d006d3f54e6b7815e4cdd1c5b1d30de2990a0295a570cff06ad43a47,D2,csexecinf,CEO and Executive Information Request,csinforeq,Information Request,real_public_reference
f4fdf89e9293eeefb8864b0312cca9860b42de9f45d113e2f860d4cef5a21b4d,D2,csntrlmgmt,Natural Area Management,csbirds,Birds - Sick/Injured or Dead,real_public_reference
f52fe6e8661a6494bb766299aee06d7f2b3bf23879d69dd6bc4e83a8bbc0380b,D2,csbuildpc,Privately Certified Building Lodgement,csform11,Form 11 – Certificate of Occupancy,real_public_reference
f54074d9a663fa202fdf21ebe49617991aadc6943c56e9a4447406d9f84afe90,D2,cstree,Trees,cstrbrnpr,Tree Branch Pick Up (Non Urgent),real_public_reference
f54908158706722651ccc278ba52e8c2009f89fd8ee1d373b7ee73ec0bd0c0c0,D2,cscamp,Camping,cscamping,Camping,real_public_reference
f54bd0c04c834c9defe7f2a069c1e648746a8b24a042f7e0961b703baac81fa0,D2,complaint,Complaint - General,pplculture,People & Culture Section,real_public_reference
f55595e928c19550a26347fdb6b92ae5ac0eea24f6327756a28e5d632a50e0c3,D2,csrates,Rates,csauthtoac,Authority to Act/Mortgage in Possession/Bankrupcy,real_public_reference
f658e7f1ea140b05200f0f0cf87716f84e516e6b000dcbd3fe7b01369be03658,D2,cschgadd,Change of Address/Details,csehchgm,Change of Mailing Address (Business Licence),real_public_reference
f7119b5bb46a41f5e1b043c67563573f5eab830f7ea05eca81305e0ef2a589bb,D2,csntrlmgmt,Natural Area Management,csantree,Urban Nature Program - Adopt a Native Tree,real_public_reference
f755c9f805e606b3e4c7d74cb425cc11c48d973594f9bc6bedf5aa49b1711572,D2,csspill,Spillage,csspillti,Spillage (Transport Infrastructure),real_public_reference
f77fde7a804df04c0a6243faac76ee5d4cda3fdb57dec15f66c30626525f6524,D2,csvhcl,Vehicles,csinfvhcl,Infringing Vehicle,real_public_reference
f8a22904b579a2f75c8a95f82c7f880d88e53bacec47a0d914ef6060738a8ac4,D2,csanimangt,Animal Management,csnuisance,Nuisance,real_public_reference
f98a2d0aca2702a8c625b40af354b608bfa2e25283fa6cd14f42b3ba6cb08ae1,D2,cslit,Litter,cslitter,Litter,real_public_reference
fa2599f3bd25a211c65847828030cf6b3a1aaac9376af1eaab21128ab60ed12d,D2,csprkinf,Park Infrastructure,cssignage,Signage,real_public_reference
fa50088be52aa0371c685b66f9bb5137b79f18ee26cb19c643ce22db04e25ca8,D2,cscomplmt,Compliment,maintplan,Construction Maintenance & Operations Section,real_public_reference
fa5f454c4afe5205d20e8d7923221fdc1df77fb2d9d98b392493382f5a4a9834,D2,csproactpa,Reactive Patrols,csovrgrwn,Overgrown private allotment,real_public_reference
fb7dbb647a651cbecccc3e505f0d506ad8369a8badc8c4b437a6a30ba30bc044,D2,cswtrinf,Water Infrastructure,csmisfhyd,Missing Fire Hydrant Lid,real_public_reference
fbb1c11f241f1a389d47d0b83b1f2b1da294edf759f130f7dc7fe23ad80a93c4,D2,cssewinf,Wastewater Infrastructure,cswtrrest,Restoration,real_public_reference
fd2ac049cf761bf7f09825557ce0051ef7b501b5c991432b70a4446cef7ee32e,D2,csunauthus,Unauthorised Use of Council Controlled Land,csadvdev,Unauthorised Advertising Device on Council Land,real_public_reference
fd5dcceec8ccdad8e39c33cdc09be998078b5a4a10dc17604beff0d1a7905709,D2,csdevinfo,Building and Development Information,cstwnplnc,Town Planning Certificates,real_public_reference
fe58b26b98a62621e7c006503c92c64c1919fd885937960a97b3e0448846d34b,D2,csbusshlt,Bus Shelters,csnewinf,New Infrastructure,real_public_reference
feeac06f173843d68563689992f979f8e5388ba7b1a3102ed520e0bf4d948a6d,D2,cssewinf,Wastewater Infrastructure,cswwmnhole,Wastewater Maintenance Hole,real_public_reference
ff0c43cfa92ed6977fb97267b0de4788bbe1dfe1d498be1db89afd89fc327fc4,D2,csenquiry,Customer Enquiries,csreusereb,Reusable Rebate,real_public_reference
ff16578d48c3108df6835a17e8af584b36050411cab24707c9717cbe64bf939a,D2,csprkopn,Parks and Open Space,csdbpknpr,Debris Pick Up,real_public_reference
ff28c187400e56265bd91ad0f15edc53353b5c7bbf14f84005fe285726c5d4e7,D2,csdust,Dust & Smoke,csresiden,Residential,real_public_reference
ff391319b107631624c2011ea8ca5ac30bba02ee9ba4345856d80125a78d5989,D2,cskrbchan,Kerb and Channel,csnewinf,New Infrastructure,real_public_reference
ffca4fa9b3b38acd43feb30ec205ea65ccfa38e5fee2a331fcec0332cb8b79ee,D2,cspools,Pools,csplfncmpl,Possible non-compliant pool fencing,real_public_reference
