asset_key,source_key,asset_type,description,latitude,longitude,data_truth_class
000a1df9-f695-4d1b-973e-c743dea91385,D1,litter_bin,Stainless Steel Box,-42.8815163911603,147.327561117076,real_public_reference
00446f1b-dc95-4edd-9ee6-7300a278963c,D1,litter_bin,120lt Cage General Waste,-42.8975933698998,147.298021793578,real_public_reference
00539d5b-b07e-4ba4-8206-f5d281f29321,D1,litter_bin,120lt Cage General Waste,-42.9154435610906,147.248739349808,real_public_reference
009e4937-9112-4d60-adb3-028ded0861ae,D1,litter_bin,Stainless Steel Box,-42.8833793215633,147.324764302166,real_public_reference
00cc7e13-76e6-4852-8b22-f66718003f3e,D1,litter_bin,Stainless Steel Box,-42.8670522679017,147.311416932157,real_public_reference
0104d19a-4110-482f-ba5c-0dea556a62ff,D1,litter_bin,Dog Refuse Bag Dispenser,-42.8882939602849,147.336584860236,real_public_reference
0152ee47-a975-4bf0-aeba-15bd15091885,D1,litter_bin,120lt Cage General Waste,-42.8606043259344,147.300663367394,real_public_reference
015cd96f-0c97-42e0-bcbe-1826d0d65980,D1,litter_bin,120lt Doggie Bins,-42.8761431483419,147.330666843338,real_public_reference
017ac620-a6c3-4c7a-b52d-d9e22d231327,D1,litter_bin,Stainless Steel Box,-42.8865528368622,147.333497748337,real_public_reference
01f31161-34ff-4fa2-9dc4-661d3eb644ed,D1,litter_bin,Dog Refuse Bag Dispenser,-42.8593295843466,147.288349875824,real_public_reference
021a97f5-5d06-4491-b527-36418d4bd6a0,D1,litter_bin,Stainless Steel Box,-42.8834245375387,147.324883776614,real_public_reference
0227efa0-0d70-408a-8697-6d6d75a531d1,D1,litter_bin,Stainless Steel/Mod Wood,-42.8834119984031,147.330024086897,real_public_reference
022de736-354c-4a83-a7cf-c38ff4ad0939,D1,litter_bin,Dog Refuse Bag Dispenser,-42.8522560884326,147.317550700819,real_public_reference
024ee0a6-32a1-4a17-ac5e-514a2432df2b,D1,litter_bin,120lt Cage General Waste,-42.8720276367633,147.297026351588,real_public_reference
02970c14-4af6-4c12-a810-4c3918c54bdc,D1,litter_bin,Dog Refuse Bag Dispenser,-42.8931372792082,147.319510941548,real_public_reference
02e6d0b6-1e96-410c-b62d-b4a7c1507710,D1,litter_bin,Stainless Steel Box,-42.895012756335,147.32794150294,real_public_reference
034ffc47-003d-454d-a56a-4b43188f2018,D1,litter_bin,Stainless Steel Box,-42.8777634016115,147.328253591645,real_public_reference
03d32407-532e-4245-8121-0d8cab860e5b,D1,litter_bin,120lt Cage General Waste,-42.921108899833,147.322735153975,real_public_reference
041e3791-cc98-4e31-8b19-cc955d7111bf,D1,litter_bin,Dog Refuse Bag Dispenser,-42.8952184851498,147.293802009458,real_public_reference
04581f23-9f89-4d8c-b392-579f8c79eef6,D1,litter_bin,120lt Doggie Bins,-42.9101204766847,147.337232315667,real_public_reference
0462b695-51a8-46c4-be70-d6ecb7e42170,D1,litter_bin,Stainless Steel Box,-42.8807626347197,147.327790910506,real_public_reference
047693f3-18d5-4598-92d6-076bd765c3fd,D1,litter_bin,Stainless Steel Box,-42.8828986597649,147.328199167312,real_public_reference
048c21b9-9079-4067-8e26-52a81f176539,D1,litter_bin,Dog Refuse Bag Dispenser,-42.8970999553947,147.299471062357,real_public_reference
04ffdbd7-4a7c-44b4-8348-4a0bc0b75999,D1,litter_bin,120lt Cage General Waste,-42.866739913495,147.32461261738,real_public_reference
051e8236-2c05-4f00-966b-a4a28b45977c,D1,litter_bin,25lt Drop Plastic,-42.8961776372306,147.308840481612,real_public_reference
05a4f155-dbb6-4e07-b839-2c2d8e8b577a,D1,litter_bin,Dog Refuse Bag Dispenser,-42.8524202750921,147.320592896575,real_public_reference
05f62b01-62d2-4e78-a021-5573b26d73d1,D1,litter_bin,120lt Cage General Waste,-42.8799673220379,147.331094249796,real_public_reference
0603f945-415d-43ca-8098-fa07117e6e8e,D1,litter_bin,Stainless Steel Box,-42.8815358142904,147.328647268261,real_public_reference
062959be-14da-442b-82a8-efe6ecd5eebe,D1,litter_bin,Stainless Steel Box,-42.8813584947746,147.327440482799,real_public_reference
065676f4-50d1-4bbd-a8eb-4bfbb3bbec00,D1,litter_bin,Stainless Steel Box,-42.8811739175091,147.325354945626,real_public_reference
067e099c-84e8-4229-b820-d46d64c76494,D1,litter_bin,25lt Drop Plastic,-42.9226026099365,147.259125753891,real_public_reference
06f6ddc5-7f6b-4644-8bce-43d2792dbc43,D1,litter_bin,Stainless Steel Box,-42.8826585712211,147.328262336119,real_public_reference
07b01e77-e3c5-45cb-9ee1-672756bd41af,D1,litter_bin,120lt Cage General Waste,-42.8871115482207,147.332113569045,real_public_reference
07c4c742-f186-47ab-86c9-43e584987b80,D1,litter_bin,Stainless Steel Box,-42.8813199793762,147.329986138635,real_public_reference
07d556fb-3afc-4764-aa6d-d9ccca25ab3b,D1,litter_bin,Stainless Steel Box,-42.8762328657708,147.318222065994,real_public_reference
08531949-bc3c-4617-926e-406f89641df3,D1,litter_bin,120lt Cage General Waste,-42.8588441668679,147.303219712775,real_public_reference
08870a6a-4dab-4c5e-8c31-c0e9dc2187be,D1,litter_bin,120lt Cage General Waste,-42.8727394953363,147.319926868177,real_public_reference
08881653-0ac6-4cf3-8533-8da8f16dd4ce,D1,litter_bin,120lt Cage General Waste,-42.8727135645839,147.319938486709,real_public_reference
08e0842f-652e-4c7b-951b-f6e56d13c1c4,D1,litter_bin,120lt Cage Recycling,-42.8871057017629,147.33211582651,real_public_reference
09cf2647-82d6-4e43-8bd4-b51e31af01b7,D1,litter_bin,Dog Refuse Bag Dispenser,-42.889081928843,147.335060290979,real_public_reference
0a04b503-47a1-4952-a89c-f1b2717393e9,D1,litter_bin,Stainless Steel Box,-42.9127709249447,147.35582427895,real_public_reference
0af425e6-030a-430b-8e36-cb25a8798386,D1,litter_bin,Stainless Steel/Mod Wood,-42.8833984714779,147.330431580531,real_public_reference
0b35af06-ef25-4633-aeb9-faef477a7f5b,D1,litter_bin,Stainless Steel Box,-42.8822434307576,147.326031434163,real_public_reference
0b7c317a-026b-4550-bf53-018fd13d76da,D1,litter_bin,Stainless Steel/Mod Wood,-42.8951225257118,147.320275400545,real_public_reference
0ba98e8a-fd15-44a7-9f58-757a6fd35677,D1,litter_bin,Dog Refuse Bag Dispenser,-42.9136297399661,147.357004364215,real_public_reference
0bf797e9-f367-4e7d-b4fc-2573025a57eb,D1,litter_bin,Stainless Steel Box,-42.8733115110932,147.315456992,real_public_reference
0c023d49-4ed2-43cc-b77d-0e18fb7fcb12,D1,litter_bin,120lt Cage General Waste,-42.8817017155973,147.325795986782,real_public_reference
0c2e221c-40f8-4177-9850-653c23bfa9cc,D1,litter_bin,Stainless Steel Box,-42.881375943637,147.32582862897,real_public_reference
0c2efd99-ccc7-4ab6-a882-69e9fd72a3aa,D1,litter_bin,Stainless Steel Box,-42.8592416431749,147.305223094664,real_public_reference
0c3ecb1a-8072-4573-ba23-731670c4ff3c,D1,litter_bin,Stainless Steel Box,-42.8800213520369,147.324540154432,real_public_reference
0d5684bb-a530-48cf-a19c-843e530eb4d0,D1,litter_bin,120lt Cage General Waste,-42.9087166503907,147.354563093877,real_public_reference
0d851c03-1eab-4f79-9456-a195126a71ec,D1,litter_bin,Dog Refuse Bag Dispenser,-42.8775944422172,147.321948829218,real_public_reference
0dee9267-ee96-431a-96e6-7a910b17a1df,D1,litter_bin,Stainless Steel Box,-42.8736174987618,147.315887179342,real_public_reference
0e042e8b-e5ff-43d7-adcc-0f4de2952a4a,D1,litter_bin,Stainless Steel Box,-42.8825312395433,147.330028425988,real_public_reference
0ef8964f-9d1c-4916-8419-5261390bd397,D1,litter_bin,Stainless Steel/Mod Wood,-42.9108927109928,147.356777238246,real_public_reference
0faf65a9-1f20-4ffa-bc73-018c91506214,D1,litter_bin,Stainless Steel Box,-42.8743331387531,147.316970497211,real_public_reference
0feaa2f4-a390-4a05-9f7a-21074fd20009,D1,litter_bin,Stainless Steel Box,-42.8948222519469,147.326666128703,real_public_reference
10140992-e860-4d49-b2a3-f1104e6f8d20,D1,litter_bin,Stainless Steel Box,-42.8816585808203,147.33595784141,real_public_reference
1089ac58-a640-4507-8c5f-63fa97f1f64d,D1,litter_bin,Stainless Steel/Mod Wood,-42.8963178857072,147.308890773,real_public_reference
111e0d3e-54d3-4cad-91bf-f06c63421097,D1,litter_bin,120lt Cage General Waste,-42.8775929774189,147.321966955543,real_public_reference
11bae923-01a7-4609-a4be-a9a30a29c3a2,D1,litter_bin,Stainless Steel Box,-42.8802378713044,147.324512131583,real_public_reference
1275a4af-56a0-41a4-b9e8-86545fa26d2b,D1,litter_bin,25lt Drop Metal,-42.8743031932469,147.296522874817,real_public_reference
1293dfd0-53d7-493f-86e0-344c5159ec32,D1,litter_bin,Stainless Steel Box,-42.8844367192101,147.326186457854,real_public_reference
129a9221-c3ea-414a-8c25-8033b5cc15ad,D1,litter_bin,Stainless Steel Box,-42.8826137990065,147.329821510086,real_public_reference
13dda347-377c-42da-b6d2-b8609c0afa97,D1,litter_bin,120lt Cage General Waste,-42.8852639144435,147.331312119474,real_public_reference
14574c26-27cd-4976-84ac-5888e2e890b9,D1,litter_bin,Dog Refuse Bag Dispenser,-42.910752810526,147.354309109704,real_public_reference
146bb567-0a34-41fe-8859-4c0311f0ae69,D1,litter_bin,Stainless Steel Box,-42.8752093124715,147.317752580129,real_public_reference
149da263-de2f-4d17-98bb-6b9054a7f088,D1,litter_bin,Stainless Steel/Mod Wood,-42.9079596455951,147.291876377904,real_public_reference
1515bf76-0ba6-42df-b357-cad933b49ab9,D1,litter_bin,120lt Cage General Waste,-42.8539869201709,147.319142581364,real_public_reference
16312f4b-92a3-4742-8d05-6e5eabd78810,D1,litter_bin,Stainless Steel Box,-42.8810065099502,147.327340806778,real_public_reference
164a5e58-b902-400d-91ee-637f708b0f2a,D1,litter_bin,Dog Refuse Bag Dispenser,-42.8656161855499,147.277702705155,real_public_reference
16595fae-f499-49c7-b07a-0278e394b7f1,D1,litter_bin,Stainless Steel Box,-42.9049511673926,147.326149516561,real_public_reference
167fd166-8e83-4600-aa39-d9249315bede,D1,litter_bin,Stainless Steel Box,-42.8532694429731,147.300380646923,real_public_reference
168e145a-b952-4fe0-9678-0eb9fef1d7a5,D1,litter_bin,Stainless Steel/Mod Wood,-42.8680124556618,147.324649367342,real_public_reference
16b59ea7-bd83-41b4-9af7-145032f54111,D1,litter_bin,120lt Cage General Waste,-42.8548151451779,147.319304605819,real_public_reference
17547b4b-3cd7-4bd3-b0f1-9eb64b8ae85d,D1,litter_bin,120lt Cage General Waste,-42.8561431778417,147.320991951716,real_public_reference
186ebd30-3908-4034-a930-69a2465c4ce9,D1,litter_bin,Stainless Steel Box,-42.8833153724537,147.32965660917,real_public_reference
194c0dd8-2bab-4b99-b395-2f5404e7556f,D1,litter_bin,Stainless Steel Box,-42.8814582705617,147.3354307274,real_public_reference
198876b9-be3c-4749-8b3c-1232cbf6745b,D1,litter_bin,120lt Cage General Waste,-42.8892393882419,147.33792554871,real_public_reference
19a121ba-8f3d-46c0-a5b8-388cdc2c3351,D1,litter_bin,Dog Refuse Bag Dispenser,-42.8983917561634,147.299204633464,real_public_reference
19a8defb-4151-4aff-81c6-7551d4ec0727,D1,litter_bin,120lt Cage General Waste,-42.8882431559627,147.337458982456,real_public_reference
19b831b8-c02f-4e99-aa8d-d0901dcb7fb3,D1,litter_bin,120lt Cage General Waste,-42.8469908966835,147.315567692378,real_public_reference
1af42354-63bc-4916-a226-c55a7be81e8f,D1,litter_bin,Stainless Steel Box,-42.8953833739149,147.327565130035,real_public_reference
1b15a975-b47e-45c2-94d2-f336bf42d823,D1,litter_bin,Stainless Steel Box,-42.8806649748979,147.325992563666,real_public_reference
1c37367d-e6c6-4767-82c5-5b0f8c50b508,D1,litter_bin,Stainless Steel Box,-42.8826982878029,147.33250759011,real_public_reference
1c54c1a9-beb6-4d10-b80b-2e424352cda8,D1,litter_bin,120lt Doggie Bins,-42.9014303108212,147.309406276278,real_public_reference
1c9ca0c5-1165-4862-b4ac-0e6fd874d8c8,D1,litter_bin,120lt Cage General Waste,-42.8532347339742,147.297357912542,real_public_reference
1ccbd8fe-25a2-4d69-a2e7-91dec5ae438f,D1,litter_bin,Stainless Steel/Mod Wood,-42.8970988869311,147.299488788977,real_public_reference
1dece646-4967-46f7-85fd-fa58df88c98f,D1,litter_bin,Dog Refuse Bag Dispenser,-42.8744798404307,147.25627021523,real_public_reference
1e0c8be1-a62b-41da-9f83-77c539cf1c7c,D1,litter_bin,Stainless Steel Box,-42.9069953856916,147.296499880579,real_public_reference
1ecdcc66-2982-42a2-ae9f-370add94328f,D1,litter_bin,Stainless Steel Box,-42.8823784362837,147.329376129161,real_public_reference
1efd5f86-cc47-4ba4-a456-58cd884c3803,D1,litter_bin,Stainless Steel Box,-42.8865188137168,147.332320684034,real_public_reference
1f479b46-daed-4177-b3a5-5fee7b67ffaf,D1,litter_bin,120lt Cage Recycling,-42.8870841279864,147.332123236108,real_public_reference
1fb4440d-5fc0-4aa7-85ea-f31bfe0f5fed,D1,litter_bin,Stainless Steel Box,-42.8817314656176,147.32672722353,real_public_reference
1fc38997-799e-4ac8-a10e-bf72559859b7,D1,litter_bin,Stainless Steel/Mod Wood,-42.8832092519724,147.330166249216,real_public_reference
2043cebc-7d71-43fa-98e4-7785abf9454b,D1,litter_bin,Stainless Steel Box,-42.8866340204323,147.33133113664,real_public_reference
20a165cf-be1b-4dbf-90a2-8e1bc72d2346,D1,litter_bin,Dog Refuse Bag Dispenser,-42.9243185546125,147.329033113444,real_public_reference
20a7d616-e12c-48a5-8faa-46e0bba50550,D1,litter_bin,Dog Refuse Bag Dispenser,-42.8653714111685,147.278325650173,real_public_reference
20d80b24-0339-4829-97b8-d59cf0ed426d,D1,litter_bin,Stainless Steel Box,-42.8809620949471,147.326254571565,real_public_reference
2115c97a-a125-4a5d-9dbe-537dc3442dee,D1,litter_bin,Dog Refuse Bag Dispenser,-42.8915835726985,147.312961316114,real_public_reference
212ecb8d-6a64-4120-be13-4a58e2e60c69,D1,litter_bin,120lt Cage General Waste,-42.8983900001208,147.299202229167,real_public_reference
21a106f1-cb0b-4257-9f3c-416f10202f4c,D1,litter_bin,Stainless Steel Box,-42.8840110660258,147.325483217682,real_public_reference
21c324f3-496e-46a7-b3f4-93b4b69df62e,D1,litter_bin,120lt Cage General Waste,-42.8531008327191,147.319699417854,real_public_reference
2200053e-db3a-476a-9b6a-59cf5d4bb211,D1,litter_bin,Stainless Steel Box,-42.8818494635471,147.3285451742,real_public_reference
228a78ed-a1a1-4f01-b367-5b7eae918076,D1,litter_bin,120lt Cage General Waste,-42.9089384293775,147.351250766968,real_public_reference
22dc52da-7aa5-4e16-ba85-3c1eed9eedef,D1,litter_bin,Stainless Steel Box,-42.8867679763258,147.33318248128,real_public_reference
23065d5d-ff47-4df9-9429-956ee1deb4aa,D1,litter_bin,Stainless Steel Box,-42.8865142933854,147.332326782847,real_public_reference
2352963f-52ea-4e95-b5cc-8abec603890a,D1,litter_bin,120lt Doggie Bins,-42.8750469428498,147.297375667856,real_public_reference
23582893-26e3-41e1-a8c8-48e5895ece20,D1,litter_bin,120lt Cage General Waste,-42.8873228557082,147.332680885121,real_public_reference
23c1bb6c-fbc3-4ed5-96ca-f84f7694d6a7,D1,litter_bin,120lt Cage General Waste,-42.8636049078093,147.302668376158,real_public_reference
23cd64d1-588d-4cb1-9c38-71373140c05a,D1,litter_bin,Stainless Steel/Mod Wood,-42.8857927649012,147.329343721515,real_public_reference
23fa6666-0ff0-4aa3-9b27-e9aaf402c3e3,D1,litter_bin,120lt Cage General Waste,-42.8881219362868,147.336605453038,real_public_reference
2406e265-5a36-4673-9950-037a116e4a05,D1,litter_bin,120lt Cage General Waste,-42.8896933732536,147.235842470287,real_public_reference
2419c66b-850a-45a4-b96b-13fab2599921,D1,litter_bin,120lt Cage General Waste,-42.9028026044763,147.310966054247,real_public_reference
24ed82d7-9a31-49b5-83eb-bdb47870ed84,D1,litter_bin,120lt Cage General Waste,-42.8961378441538,147.299730846255,real_public_reference
256e85a7-b4b1-4a9d-b866-f16267930e6a,D1,litter_bin,Stainless Steel/Mod Wood,-42.9115754532495,147.35611605843,real_public_reference
2586518c-5eeb-4169-9a74-9f6452de9c48,D1,litter_bin,120lt Cage General Waste,-42.8954721352743,147.309350630115,real_public_reference
25aad53d-4b35-46b6-ac48-565e0ef5f44a,D1,litter_bin,Stainless Steel Box,-42.8769423413051,147.326678657633,real_public_reference
2662cc6c-bafd-47d6-8a9d-0ea9ba6cd4a1,D1,litter_bin,Stainless Steel Box,-42.8778247442378,147.319152907752,real_public_reference
269b6313-6286-484f-90eb-c00f281b011a,D1,litter_bin,25lt Drop Plastic,-42.898981882735,147.330114530977,real_public_reference
26cea147-6c6b-472a-a37d-a1755f566b53,D1,litter_bin,120lt Cage General Waste,-42.8994271026527,147.331258125399,real_public_reference
2718af93-3e10-41e9-8925-73016e66eb74,D1,litter_bin,Stainless Steel Box,-42.8943875943617,147.326112544395,real_public_reference
27251aea-96c4-462c-a02f-4432d702ec67,D1,litter_bin,Stainless Steel Box,-42.8832419348653,147.331761562175,real_public_reference
274a13be-fd91-4e96-96b8-a44bf1d4753b,D1,litter_bin,Stainless Steel Box,-42.8865417218025,147.333028067913,real_public_reference
276805d4-f28a-4134-8616-c4a6bbfc47dd,D1,litter_bin,120lt Cage Stainless General Waste,-42.8559095842875,147.303631876206,real_public_reference
276fc27f-3a0c-4484-b90d-5366046c3285,D1,litter_bin,Stainless Steel Box,-42.8795835757122,147.330812715831,real_public_reference
27721c36-d4c5-493c-928b-6c624a391677,D1,litter_bin,120lt Doggie Bins,-42.930301593741,147.359140240893,real_public_reference
28201562-ef0c-4403-9e63-f14c8cb4c361,D1,litter_bin,120lt Cage General Waste,-42.8546552690008,147.318823873332,real_public_reference
28328bb9-cc69-4296-87d2-f93171d700a8,D1,litter_bin,Stainless Steel Box,-42.8806468554014,147.331131505359,real_public_reference
2853dfd8-b00b-4a5f-a206-9462bb803a83,D1,litter_bin,120lt Cage General Waste,-42.8777666985143,147.316946012884,real_public_reference
28f2ea7f-c8f9-4f9d-b59e-eb67d8e253ce,D1,litter_bin,Stainless Steel Box,-42.8822946793675,147.329527861097,real_public_reference
296e328a-4734-4906-ad95-9d9ae8eec3fe,D1,litter_bin,Stainless Steel/Mod Wood,-42.8956540257185,147.321088629155,real_public_reference
2a57d02a-5e56-485e-bb49-58fb93892065,D1,litter_bin,Stainless Steel Box,-42.8808100079022,147.309760179064,real_public_reference
2a80a619-f016-4dd1-9a7e-081a98e20014,D1,litter_bin,120lt Cage General Waste,-42.8533044094886,147.319164213484,real_public_reference
2a8f451e-72a4-43f6-b246-0bfeff735d77,D1,litter_bin,120lt Cage General Waste,-42.8924684351102,147.316154409736,real_public_reference
2aab5a26-ca15-471c-ab34-9deeb146b554,D1,litter_bin,120lt Cage General Waste,-42.8982791195909,147.299364909366,real_public_reference
2b034f29-99f7-4331-bd2b-00720f4ef904,D1,litter_bin,Stainless Steel Box,-42.8817484003594,147.328317812609,real_public_reference
2b125a7f-1e96-4b7e-9ab8-cf9d389eb30f,D1,litter_bin,120lt Cage General Waste,-42.9091796023271,147.355381825679,real_public_reference
2b1e98ad-ecd2-4581-bdfc-3a8c148375fc,D1,litter_bin,Stainless Steel Box,-42.8831096509638,147.330899330076,real_public_reference
2b689572-4901-4581-9c51-5c5b5b38c6c8,D1,litter_bin,120lt Cage General Waste,-42.915641472396,147.321948174933,real_public_reference
2c1d624e-c180-4990-a553-d439d0dfe7f7,D1,litter_bin,Stainless Steel Box,-42.8744870601034,147.323315400593,real_public_reference
2c93cb95-7867-4e60-b1cf-3295c6b1c709,D1,litter_bin,Stainless Steel Box,-42.8867516845216,147.331698892703,real_public_reference
2caefb10-bf9b-459d-8d61-abb711f56e62,D1,litter_bin,Stainless Steel Box,-42.8953050378521,147.327849031885,real_public_reference
2d2056e8-0bbb-4da5-aaa1-c817c2e34617,D1,litter_bin,Dog Refuse Bag Dispenser,-42.8720302902297,147.297025460757,real_public_reference
2d400334-a005-4438-b087-e6ddf0cc7cc7,D1,litter_bin,Stainless Steel Box,-42.8807569220866,147.327797408084,real_public_reference
2d4ebb2e-762f-4e8f-87c7-f347aa6be228,D1,litter_bin,Stainless Steel/Mod Wood,-42.8957299962819,147.333021764423,real_public_reference
2d94ed05-ac24-4dbe-889f-4bdf101777a6,D1,litter_bin,Stainless Steel Box,-42.8812661503183,147.326998698928,real_public_reference
2e28ba09-40da-4cd7-8171-73533a7ce8ff,D1,litter_bin,Stainless Steel Box,-42.8724914710898,147.314886517719,real_public_reference
2e2b612f-2789-4d75-baf7-b5aa2b42b72b,D1,litter_bin,Stainless Steel Box,-42.8809195137604,147.329349536103,real_public_reference
2e726c9c-5ecd-4e89-b3c4-7d541b5eab27,D1,litter_bin,Stainless Steel/Mod Wood,-42.8835119452747,147.330172710052,real_public_reference
2eced71f-6b58-493f-b29f-2b4785e2907d,D1,litter_bin,Stainless Steel Box,-42.8841880380758,147.326168410353,real_public_reference
2ffb0730-ac72-45b0-8d4c-a4b6898c2e63,D1,litter_bin,Stainless Steel Box,-42.8779440218959,147.328471915057,real_public_reference
30a09802-3f3e-46cf-ac78-a9540dfda661,D1,litter_bin,Dog Refuse Bag Dispenser,-42.8953589503012,147.293451853787,real_public_reference
31ba7e6b-5974-497c-89cc-d22041499e20,D1,litter_bin,120lt Doggie Bins,-42.8667581140877,147.27002174769,real_public_reference
32cf3db2-a1a8-41af-a908-81586398e8c3,D1,litter_bin,Stainless Steel Box,-42.8870526406785,147.324746763234,real_public_reference
32f22845-81dd-4080-ad6f-ed3c7c5162f3,D1,litter_bin,Stainless Steel Box,-42.8831894141672,147.333053207392,real_public_reference
3320fcf1-4cb0-4b70-ae11-3c4460632cca,D1,litter_bin,120lt Doggie Bins,-42.870402064549,147.327162842115,real_public_reference
33e34df9-e8d0-4872-b92f-94dd6125e403,D1,litter_bin,Stainless Steel/Mod Wood,-42.9115144790109,147.356162138825,real_public_reference
343fd849-5b75-4ae5-bf87-419a4c2e3fe2,D1,litter_bin,120lt Cage General Waste,-42.8950317532529,147.333225538779,real_public_reference
349f1382-23fa-496e-8ad3-4a68ad01e423,D1,litter_bin,Dog Refuse Bag Dispenser,-42.8872934666083,147.337286772354,real_public_reference
34e9c9ca-7f19-4cb6-8bf3-4ac342c7d0a2,D1,litter_bin,120lt Cage General Waste,-42.8655604456748,147.322709075489,real_public_reference
35315eba-845d-4fc4-a9f8-b4b33425cf29,D1,litter_bin,Dog Refuse Bag Dispenser,-42.8961359905934,147.299739552997,real_public_reference
35bd0ece-e883-49f7-a511-875cfe00acf2,D1,litter_bin,Stainless Steel/Mod Wood,-42.9087754877819,147.290717384112,real_public_reference
367e2e81-0389-45fa-b827-1f4aa901d633,D1,litter_bin,Stainless Steel Box,-42.8815099786984,147.326128242347,real_public_reference
36bf4a9f-1820-4d4b-9158-54726396787f,D1,litter_bin,120lt Cage General Waste,-42.8873339174358,147.332919240695,real_public_reference
36f7b092-6f18-4846-bcab-311b36dbc676,D1,litter_bin,Stainless Steel Box,-42.8838469850476,147.314739745212,real_public_reference
374ffe72-a23f-494b-a6e5-341bc9fe95fc,D1,litter_bin,Stainless Steel Box,-42.8813488738851,147.32854563092,real_public_reference
376d4e50-3180-4670-8473-9ea57bc96219,D1,litter_bin,120lt Cage General Waste,-42.8770014638891,147.312510461,real_public_reference
37ba198f-a3c5-47a0-8706-9467c2321f29,D1,litter_bin,Stainless Steel Box,-42.8831047098744,147.32525878902,real_public_reference
37e16715-7c7a-4c28-b461-d9bb66c15b17,D1,litter_bin,120lt Cage General Waste,-42.9083834695703,147.291293960785,real_public_reference
38cd0dfb-8728-4128-b8c8-bc67b72a11a7,D1,litter_bin,Stainless Steel/Mod Wood,-42.8638276929441,147.304409843019,real_public_reference
38e70123-1951-463b-b7e7-6246fa86882b,D1,litter_bin,120lt Cage General Waste,-42.9221774064697,147.252435326647,real_public_reference
39458d28-6a8b-4696-ac69-adef1d6f8455,D1,litter_bin,Stainless Steel Box,-42.8832374145621,147.331767660707,real_public_reference
3997f7e0-9d08-45c5-a581-7c98b7a4154b,D1,litter_bin,120lt Cage General Waste,-42.8527732370928,147.297481945269,real_public_reference
39cffccd-6898-4265-bd0c-5986076d7b54,D1,litter_bin,Stainless Steel Box,-42.882427698172,147.330413003671,real_public_reference
3a6b042d-cfc7-40f1-90d3-8c8df80669bf,D1,litter_bin,Dog Refuse Bag Dispenser,-42.9091907449675,147.354515022439,real_public_reference
3ae53496-6d2d-45c3-81eb-e7c5cf83cd80,D1,litter_bin,120lt Cage General Waste,-42.8880646311697,147.337457185138,real_public_reference
3c293511-8ea4-43a2-800e-fe26cb03d484,D1,litter_bin,120lt Cage General Waste,-42.8762075994087,147.332884103062,real_public_reference
3c813860-416b-4945-9ae5-ce96d76c65dc,D1,litter_bin,Dog Refuse Bag Dispenser,-42.8963139558075,147.308898819626,real_public_reference
3db6bae9-a2e7-4feb-af19-461438edf8a4,D1,litter_bin,Dog Refuse Bag Dispenser,-42.9094166973721,147.356071320857,real_public_reference
3e325cb0-a999-4cdc-a298-b4ffc79e334a,D1,litter_bin,Stainless Steel Box,-42.8733437478188,147.318971810237,real_public_reference
3e7f8ee6-2c3d-41ed-96d5-3435192fd92c,D1,litter_bin,Stainless Steel Box,-42.8795590379863,147.329354973857,real_public_reference
3f820565-d0c0-487b-a804-e177f0bb2260,D1,litter_bin,120lt Cage General Waste,-42.9107965331136,147.354428109035,real_public_reference
3fa81772-f421-45da-ace3-48015ea3f82f,D1,litter_bin,Stainless Steel Box,-42.8802602827006,147.32835735466,real_public_reference
400a058e-02b4-4678-bca2-ca5c036a1dbf,D1,litter_bin,Dog Refuse Bag Dispenser,-42.9123490609886,147.356487900934,real_public_reference
40e82d26-257b-412c-9f95-7d2dc132ff45,D1,litter_bin,120lt Cage General Waste,-42.8600933033561,147.311232320737,real_public_reference
416d5276-861b-4b73-8c91-bcc7ed9c032c,D1,litter_bin,Stainless Steel/Mod Wood,-42.9103682606253,147.357257862687,real_public_reference
41ed4607-fe66-41bf-8d82-053e8349d382,D1,litter_bin,Stainless Steel/Mod Wood,-42.8761406788029,147.33591861635,real_public_reference
42003f62-a677-4a19-a474-abad2072afba,D1,litter_bin,Stainless Steel Box,-42.8814561389123,147.332113998962,real_public_reference
42c164b1-7236-4fd0-b817-1b80dfed20b9,D1,litter_bin,120lt Cage General Waste,-42.8856663311156,147.331268094494,real_public_reference
42e9d5c4-2713-4a4c-af02-ccafc0ca9f32,D1,litter_bin,Dog Refuse Bag Dispenser,-42.9130079535499,147.356746892213,real_public_reference
432a7871-ec46-4bd7-9c5e-1bd566e65838,D1,litter_bin,Stainless Steel Box,-42.8695863035152,147.315599198294,real_public_reference
44e068a1-9299-4a0b-905e-680c6aa3e6f6,D1,litter_bin,120lt Cage General Waste,-42.8726964677926,147.318696378016,real_public_reference
44e6a209-7ba0-4d19-8ec7-75972879430e,D1,litter_bin,Stainless Steel Box,-42.8826372997414,147.330471827281,real_public_reference
44fcd47f-e5bd-4ff5-8886-e2cc2942b7c6,D1,litter_bin,Stainless Steel Box,-42.8777679217309,147.328247493391,real_public_reference
451bbf25-f531-44a4-9def-3dbe9dd5f3e3,D1,litter_bin,Dog Refuse Bag Dispenser,-42.9116672389011,147.356458384766,real_public_reference
457215f9-7bcc-4775-a985-3898621c5765,D1,litter_bin,Stainless Steel Box,-42.8806957971584,147.327686311334,real_public_reference
45a49584-6e47-4b47-9ff1-5914d5ab1870,D1,litter_bin,Stainless Steel Box,-42.8863188750116,147.33228046981,real_public_reference
45b566d1-365e-4b57-a0f8-9822bf5205ee,D1,litter_bin,Dog Refuse Bag Dispenser,-42.8806432798854,147.309829059475,real_public_reference
46c18853-cb4c-486d-a1f4-89389d88985a,D1,litter_bin,Stainless Steel Box,-42.8815253539698,147.327814453297,real_public_reference
47730e72-5fe5-4b07-83ed-764034ec640f,D1,litter_bin,Stainless Steel Box,-42.884493784648,147.329356001008,real_public_reference
478cb19c-740b-4063-8cb1-f46e52e96725,D1,litter_bin,Stainless Steel Box,-42.8828544355654,147.328000647577,real_public_reference
47a7f59b-8888-40c6-9020-f7ec50c0023f,D1,litter_bin,25lt Drop Plastic,-42.9188186297136,147.26930968326,real_public_reference
47bf4687-843d-473d-8125-9708cd91df68,D1,litter_bin,Stainless Steel Box,-42.9049772463337,147.326209327742,real_public_reference
47d6db8c-98d9-4b85-9286-12b599180b1f,D1,litter_bin,Dog Refuse Bag Dispenser,-42.8723599317024,147.319647658228,real_public_reference
47e9d69d-bc90-441b-885a-24634e8c89cb,D1,litter_bin,Stainless Steel/Mod Wood,-42.8819929062746,147.312782354847,real_public_reference
483a1d56-3bb3-4691-976c-bfc24c1c8901,D1,litter_bin,Stainless Steel Box,-42.909152680696,147.289102694563,real_public_reference
48c57cbf-4e50-41e2-82bc-a546517f4646,D1,litter_bin,Stainless Steel/Mod Wood,-42.9114715470404,147.356060093421,real_public_reference
4a473911-e51f-4e3d-a966-b5cb0d6a5c42,D1,litter_bin,120lt Cage General Waste,-42.9107683162588,147.354299483892,real_public_reference
4ac757fc-7268-4d41-a933-06592f0acc7d,D1,litter_bin,Stainless Steel Box,-42.8820523997596,147.32917572395,real_public_reference
4b16d8cf-e922-4a8a-9bcb-5f48bf896d7f,D1,litter_bin,120lt Doggie Bins,-42.8875679171924,147.302284912799,real_public_reference
4b613865-bd02-48ce-bb27-f0ebc749e29e,D1,litter_bin,120lt Cage General Waste,-42.8545139890957,147.31950301156,real_public_reference
4bca6b9b-bc1d-48fb-b2b4-a235bbd2be9c,D1,litter_bin,Stainless Steel/Mod Wood,-42.8665006432781,147.32368047326,real_public_reference
4bd56350-28bf-4c50-80ee-822cdc4af991,D1,litter_bin,Stainless Steel Box,-42.8811838751203,147.327122723638,real_public_reference
4c5bade1-b0af-40a5-9f4d-cbfd71ceaf95,D1,litter_bin,Stainless Steel Box,-42.8920254564115,147.322566879972,real_public_reference
4cdc1f46-89ef-455f-8c90-2dd04e794ac1,D1,litter_bin,120lt Cage General Waste,-42.8723586832389,147.319645518993,real_public_reference
4e65246f-6b5c-452f-ae67-f7996e681a87,D1,litter_bin,120lt Cage General Waste,-42.8532563149869,147.319345669752,real_public_reference
4e9756cf-85c1-4bd7-9115-5aae74e7f913,D1,litter_bin,120lt Cage General Waste,-42.8770398379763,147.316875687867,real_public_reference
4ece577e-23ea-479c-b56e-950a0ed9a31c,D1,litter_bin,120lt Cage General Waste,-42.9116685047863,147.356454415344,real_public_reference
4f45c38d-fa98-464a-bb04-25f502487696,D1,litter_bin,120lt Cage General Waste,-42.8772593673324,147.317007231498,real_public_reference
4f48121d-918d-4711-b598-f335fdd75af3,D1,litter_bin,Stainless Steel Box,-42.8857874384663,147.324119191825,real_public_reference
4f86bfe7-8ee8-4ea8-98d1-d7954de601f3,D1,litter_bin,120lt Cage General Waste,-42.863693001095,147.326392430862,real_public_reference
503b8d68-efe2-4593-9b61-b395bc547655,D1,litter_bin,Stainless Steel Box,-42.881078003509,147.330005142928,real_public_reference
504f31fe-4996-4b0b-8ef3-8b8bf2d4ce4e,D1,litter_bin,Dog Refuse Bag Dispenser,-42.8878164051002,147.336098738877,real_public_reference
50751c47-0bd3-47e4-9eae-f49a89a7abf5,D1,litter_bin,Stainless Steel/Mod Wood,-42.9135286954772,147.357028701044,real_public_reference
50cd9dc8-9487-4e23-b9a5-54d7e30bd1d8,D1,litter_bin,Stainless Steel Box,-42.8811579281244,147.334698252128,real_public_reference
50e82fe8-b759-40da-bbc5-bd615a679f0f,D1,litter_bin,Stainless Steel Box,-42.8832255137207,147.32976627048,real_public_reference
5102fb24-1488-4d06-b427-dfb44f2e962f,D1,litter_bin,120lt Doggie Bins,-42.8653502081008,147.320703650619,real_public_reference
51474be1-34b6-41b9-893e-3b726208822a,D1,litter_bin,Stainless Steel Box,-42.8739307769215,147.316012570291,real_public_reference
51e2bc1f-3a7d-4371-a50f-375e8c3fe4ad,D1,litter_bin,Stainless Steel Box,-42.8830493997222,147.329975636194,real_public_reference
51ed002e-6df9-4a1e-ab67-d6ba2e5b2fd3,D1,litter_bin,Stainless Steel Box,-42.8600148872491,147.306984100138,real_public_reference
52380e34-b81f-4b0a-96aa-d53852f5e176,D1,litter_bin,Stainless Steel Box,-42.8831404187795,147.332468370119,real_public_reference
523de15e-e117-4652-9e8e-df44c5d29a03,D1,litter_bin,Stainless Steel Box,-42.8825142856217,147.329627880472,real_public_reference
525ea782-8ccd-4119-aec3-eac13303453b,D1,litter_bin,120lt Cage General Waste,-42.8795645070235,147.31150477861,real_public_reference
52dc2828-1cbc-474a-8a1c-3e3262a4535d,D1,litter_bin,120lt Cage General Waste,-42.9059298603014,147.332833096234,real_public_reference
52facc60-e988-43eb-acd5-a9fc254cbd68,D1,litter_bin,Stainless Steel Box,-42.9130992961751,147.355227022429,real_public_reference
536a120c-f738-4ffa-9f8d-20f65f8c4d5a,D1,litter_bin,Stainless Steel Box,-42.8826354583356,147.325583795098,real_public_reference
53ab3618-c01f-4f99-94f5-eb2c52b962b3,D1,litter_bin,120lt Cage General Waste,-42.8915835539246,147.312968184225,real_public_reference
54c05463-353f-4982-8dae-8ed7416c5f2c,D1,litter_bin,120lt Cage General Waste,-42.9078105152392,147.29276523622,real_public_reference
54c1e2cf-0402-485c-9fb3-890e3d9f89cb,D1,litter_bin,Stainless Steel Box,-42.8830577781444,147.326547634053,real_public_reference
54c9f3b1-f478-4543-8c4c-caceb2e23ac0,D1,litter_bin,Dog Refuse Bag Dispenser,-42.8916386879978,147.310916528375,real_public_reference
55304e34-192d-4b27-a0d5-bdf0a4ac4e04,D1,litter_bin,120lt Cage General Waste,-42.909199466084,147.285058991204,real_public_reference
557eec78-a692-4c70-9825-cb42f14ac697,D1,litter_bin,Stainless Steel Box,-42.8819326773007,147.324281612671,real_public_reference
558d941b-d0b3-406e-8405-8d4b2d39a06f,D1,litter_bin,Stainless Steel/Mod Wood,-42.9083550720416,147.291430851623,real_public_reference
55c2d212-14b4-4ab6-ba5e-3ae9feb23bbd,D1,litter_bin,120lt Cage Recycling,-42.9154477969856,147.248743568015,real_public_reference
55e5ada5-b696-47cb-90fc-2d4390cb8398,D1,litter_bin,Stainless Steel Box,-42.8596290871964,147.305903440479,real_public_reference
57055177-b158-43a6-9bad-ea3be68f0f68,D1,litter_bin,Dog Refuse Bag Dispenser,-42.8593090832081,147.289141087998,real_public_reference
571b15e6-8671-4be5-aa67-00abdd29b3ad,D1,litter_bin,120lt Cage General Waste,-42.8967402131705,147.333081494271,real_public_reference
578b0e9b-84d4-42c0-b5d0-b3de9814cd36,D1,litter_bin,120lt Cage General Waste,-42.891636495569,147.310923031631,real_public_reference
57f646c6-5042-4808-be99-3d95d6414602,D1,litter_bin,120lt Cage General Waste,-42.8536620153481,147.319394718934,real_public_reference
580d9250-afc5-4e87-b38e-b90548689dac,D1,litter_bin,Stainless Steel/Mod Wood,-42.863961836482,147.304262895353,real_public_reference
5869fd06-bab2-4057-9dca-65da6da899ae,D1,litter_bin,Stainless Steel Box,-42.8811534076645,147.334704350241,real_public_reference
5900bbe1-801d-4321-a938-91e799981d6f,D1,litter_bin,Stainless Steel Box,-42.8808924201578,147.332400063839,real_public_reference
593dbeeb-7669-4a27-a620-0b06bff8acec,D1,litter_bin,120lt Cage Recycling,-42.8760259880843,147.333062679679,real_public_reference
59926e28-dad8-4c1d-a0a9-b9dd37c89904,D1,litter_bin,Stainless Steel Box,-42.8814606592347,147.33210790063,real_public_reference
59931e20-a552-48d3-8d6a-9f7644a1b54b,D1,litter_bin,120lt Cage General Waste,-42.9144705928344,147.360654641191,real_public_reference
599cccb9-0df1-48f9-a868-c4d8dd5c3f16,D1,litter_bin,Stainless Steel/Mod Wood,-42.9091450338727,147.286919221129,real_public_reference
5a0bda63-b29d-4624-b0c0-2d6adcc9cf68,D1,litter_bin,Stainless Steel/Mod Wood,-42.8863381584983,147.328868790246,real_public_reference
5a0e4a9a-3db2-4e2f-aa2d-0c1e8689ad13,D1,litter_bin,Stainless Steel/Mod Wood,-42.851127464971,147.31173259285,real_public_reference
5a508d18-c2c3-4f34-9648-ab4281dc99d4,D1,litter_bin,Stainless Steel/Mod Wood,-42.8835118867361,147.330162718588,real_public_reference
5afbcc98-4f59-497c-a29b-ede95ed79144,D1,litter_bin,Stainless Steel Box,-42.8844308279721,147.331429062215,real_public_reference
5bbb6805-f4f3-449d-8de5-0e631d1ea85c,D1,litter_bin,Stainless Steel Box,-42.8781953940938,147.31024711292,real_public_reference
5bcd2339-e975-49d7-ad3d-75885254f55b,D1,litter_bin,Stainless Steel Box,-42.8833753274389,147.327151943208,real_public_reference
5be04cf2-6073-45fa-8287-aad9a4d7fee7,D1,litter_bin,Stainless Steel/Mod Wood,-42.8822736870729,147.312926487468,real_public_reference
5bf32e2b-81be-4e77-ac0a-92fc745b9495,D1,litter_bin,Stainless Steel Box,-42.8823844105191,147.329386722542,real_public_reference
5bf76c56-4385-4a5d-a95e-8b8bb01ee4a3,D1,litter_bin,Stainless Steel Box,-42.8823235141674,147.328688585365,real_public_reference
5c7371eb-19a4-4a53-bc64-433b04f05598,D1,litter_bin,Stainless Steel Box,-42.8848342454249,147.331150916077,real_public_reference
5d0bb562-ebcf-441a-ae37-79610faf8ae8,D1,litter_bin,120lt Cage General Waste,-42.8616095649017,147.288873228693,real_public_reference
5e32c30f-f2e6-4cf3-a192-548b44b1014d,D1,litter_bin,Dog Refuse Bag Dispenser,-42.8944956464704,147.319256104421,real_public_reference
5ed51c43-12ef-479e-b1de-6a9421a26db7,D1,litter_bin,Stainless Steel Box,-42.8770655058439,147.318905730632,real_public_reference
5ed5e456-8ae0-4a23-a9eb-f67eace2bd27,D1,litter_bin,Stainless Steel Box,-42.9047351503497,147.325680874387,real_public_reference
5f3555ff-91c3-41f4-bc52-ed089b27cf77,D1,litter_bin,Dog Refuse Bag Dispenser,-42.8629789154464,147.304718743452,real_public_reference
5f6e2a67-99d5-4f96-aad4-c33a9776f4ba,D1,litter_bin,120lt Cage General Waste,-42.8531278016809,147.319589790177,real_public_reference
5fb490b7-4245-42ea-87d5-4ca00d34ed24,D1,litter_bin,Stainless Steel Box,-42.8845222833545,147.325133843161,real_public_reference
5fde6287-6046-492f-abc7-e22d1868083c,D1,litter_bin,Stainless Steel Box,-42.8876904163405,147.329606140949,real_public_reference
60ba7773-4c14-445e-9343-c572245904dc,D1,litter_bin,120lt Cage General Waste,-42.8877743184035,147.337443886547,real_public_reference
612ef748-02ef-49c0-8050-d7055590c942,D1,litter_bin,Stainless Steel/Mod Wood,-42.9135316420786,147.357016631106,real_public_reference
6137cfe8-937c-4c2a-9e93-0cf51d7a5b2a,D1,litter_bin,Stainless Steel Box,-42.8947667950998,147.326973657156,real_public_reference
61411163-436e-4206-b16a-6476fddf6b93,D1,litter_bin,Stainless Steel Box,-42.8811810489449,147.328172938915,real_public_reference
61beeedc-1f53-4aea-9b0c-fb38f9a511bf,D1,litter_bin,Stainless Steel Box,-42.8851084087051,147.323099888344,real_public_reference
61cbb576-8960-4f20-9400-979bd1d34b44,D1,litter_bin,Stainless Steel Box,-42.8811685536385,147.328328909496,real_public_reference
629271fd-fca8-463b-9a5c-b1416ed5133d,D1,litter_bin,Stainless Steel Box,-42.8827079836294,147.332168854833,real_public_reference
62a0c435-efa1-4a6f-a5ee-40fa0d31e718,D1,litter_bin,120lt Cage General Waste,-42.8872996902925,147.337298031226,real_public_reference
630b9ce5-8efb-4358-a9d3-513467af55ab,D1,litter_bin,Stainless Steel Box,-42.8800168321151,147.324546253178,real_public_reference
63414ae0-680a-42e4-82c8-4e11eee04105,D1,litter_bin,Dog Refuse Bag Dispenser,-42.8524163594616,147.320595512694,real_public_reference
636be6a6-aec3-4356-a537-136ad3991632,D1,litter_bin,Dog Refuse Bag Dispenser,-42.9108969034732,147.35677214887,real_public_reference
6421fa60-5e40-4c7d-a12e-9fa83d781056,D1,litter_bin,Stainless Steel Box,-42.8957673744027,147.328895489248,real_public_reference
642f7819-3b90-4130-aa19-5e08e7ac1c4a,D1,litter_bin,Stainless Steel Box,-42.8832209935233,147.329772369157,real_public_reference
64bed072-092c-4c54-bef8-b704599ad93f,D1,litter_bin,120lt Cage General Waste,-42.8546686763541,147.306049999924,real_public_reference
652222ff-e534-4c18-8498-a97fa04dcc23,D1,litter_bin,25lt Drop Plastic,-42.9211201862595,147.259413634883,real_public_reference
6569a1ef-52d1-4b58-890c-b35ef60bf73b,D1,litter_bin,25lt Drop Plastic,-42.8960469675994,147.308662114768,real_public_reference
65d5bcdb-2584-45be-affa-c62f931dc9b7,D1,litter_bin,120lt Cage General Waste,-42.8945331774802,147.319228344241,real_public_reference
66024b58-a34d-4a4c-9ffa-5f78863343b0,D1,litter_bin,Dog Refuse Bag Dispenser,-42.8726938532223,147.318718174993,real_public_reference
662a93a3-9ae3-4f42-b43a-050993d37b3a,D1,litter_bin,Stainless Steel Box,-42.8851974704375,147.331697642999,real_public_reference
6699aaed-28e4-40d1-b6e6-8c535adf1668,D1,litter_bin,120lt Cage General Waste,-42.8680860682727,147.324401301163,real_public_reference
66e61b50-582c-4dcc-bc16-f5db1d3aa4d6,D1,litter_bin,Stainless Steel Box,-42.8845822361356,147.324978331776,real_public_reference
66e89347-049e-44cb-bee6-707c271e120b,D1,litter_bin,120lt Cage General Waste,-42.9157052397,147.357071355509,real_public_reference
671f2876-d192-4929-baed-1cdea92b1144,D1,litter_bin,Stainless Steel Box,-42.8678530133221,147.318374228821,real_public_reference
67af47d9-e115-4c7f-a575-ae015bf41756,D1,litter_bin,Stainless Steel Box,-42.8830539199305,147.329969537548,real_public_reference
68240ff7-a183-4fd2-bba3-0ea1fed46297,D1,litter_bin,25lt Drop Plastic,-42.8764299299814,147.30727903671,real_public_reference
68f611dd-f9d2-4025-89fe-1dfc819c0afa,D1,litter_bin,Stainless Steel Box,-42.88268441259,147.325796592159,real_public_reference
68f9094b-f661-48bc-a832-dee136de461b,D1,litter_bin,Stainless Steel/Mod Wood,-42.8821207516389,147.313130006356,real_public_reference
698a652b-6d83-4fa6-bc86-630079e56476,D1,litter_bin,Stainless Steel Box,-42.881689681343,147.326511245109,real_public_reference
6993154a-feb2-4efe-b9fa-95157e6240f6,D1,litter_bin,Dog Refuse Bag Dispenser,-42.8956910624293,147.295937047326,real_public_reference
6a4013da-4315-4e51-bdce-101b0fadbf64,D1,litter_bin,120lt Cage Recycling,-42.8657095520389,147.277787887546,real_public_reference
6b5f5bdf-5757-46b8-8539-6749677bc6ea,D1,litter_bin,Stainless Steel Box,-42.8834540599003,147.327281958725,real_public_reference
6bb5d602-40fa-4028-9849-e6e0e54d4573,D1,litter_bin,Stainless Steel Box,-42.8819476749966,147.328528848277,real_public_reference
6bba0d23-61b8-48e9-a60c-8a488a2b194b,D1,litter_bin,120lt Cage General Waste,-42.8914932637394,147.331624175497,real_public_reference
6be747b8-e95e-44ed-ac38-98882031ad68,D1,litter_bin,120lt Cage General Waste,-42.8610954149887,147.288650196506,real_public_reference
6c1ab07a-5087-4494-b100-3186dc009236,D1,litter_bin,120lt Cage General Waste,-42.8468995751731,147.315128016082,real_public_reference
6c576e13-8ad0-4bb3-9799-0ec8274be24e,D1,litter_bin,Stainless Steel/Mod Wood,-42.882077962798,147.313249625929,real_public_reference
6c6e0ebf-7d5a-434f-90f0-279830c5f833,D1,litter_bin,Stainless Steel Box,-42.8845867560782,147.324972232614,real_public_reference
6ca60d16-7aa7-4c51-a8c2-8b62a65ce224,D1,litter_bin,Stainless Steel Box,-42.8847284513672,147.325451843417,real_public_reference
6d55d5bf-afc7-47d0-b286-4847d56e85db,D1,litter_bin,Stainless Steel Box,-42.8844245266964,147.331433207956,real_public_reference
6d63426d-a65e-49c8-b9f8-fd21d9b42f8a,D1,litter_bin,120lt Cage General Waste,-42.8640278164108,147.310019703061,real_public_reference
6d788cd0-c85a-44c2-a28b-893a65dd65c0,D1,litter_bin,Stainless Steel Box,-42.8801603622148,147.328313644436,real_public_reference
6da472dd-c639-4f87-bec3-45373cf567ae,D1,litter_bin,120lt Cage General Waste,-42.8759404306753,147.332005536832,real_public_reference
6dd44850-f173-4ba5-aad2-122eea352b5f,D1,litter_bin,Stainless Steel Box,-42.8840501755235,147.328382857627,real_public_reference
6df445b3-e7d2-4633-baec-68c605118e4d,D1,litter_bin,Dog Refuse Bag Dispenser,-42.8867846978181,147.329629720396,real_public_reference
6e020975-9649-4c36-aae6-02aa8d3f8bf9,D1,litter_bin,120lt Cage General Waste,-42.8727363748219,147.327922849156,real_public_reference
6e089f24-755e-4912-9468-f4384224f9e6,D1,litter_bin,Stainless Steel/Mod Wood,-42.913000832271,147.356748611666,real_public_reference
6e3047eb-b973-4e1b-ba7d-e9683faa3610,D1,litter_bin,Stainless Steel Box,-42.883039771593,147.32515082373,real_public_reference
6e684276-a8fc-499a-8ad8-b145d66a0136,D1,litter_bin,Stainless Steel Box,-42.9067312139346,147.342478945343,real_public_reference
6ea13b2e-2880-4764-a8fe-0311de712bce,D1,litter_bin,Stainless Steel Box,-42.880966614959,147.326248472851,real_public_reference
6ecaa512-019e-41f9-be97-18fc7207a90d,D1,litter_bin,Stainless Steel Box,-42.8732763326457,147.315708322007,real_public_reference
6f15053f-7e04-4b8c-a182-9181cb48231a,D1,litter_bin,120lt Cage General Waste,-42.86174948649,147.287787529092,real_public_reference
702a9253-de7b-4d17-af87-0bd4c794a0fd,D1,litter_bin,120lt Cage General Waste,-42.8667366620114,147.322946974657,real_public_reference
70801fe9-6bc8-4705-b764-d3fc59f3b9fe,D1,litter_bin,25lt Drop Plastic,-42.8948102860099,147.325832696233,real_public_reference
70c8c7b6-a58d-41ca-a63f-a56d56ad2965,D1,litter_bin,120lt Cage Recycling,-42.8825201383546,147.325702885007,real_public_reference
719e9747-e7af-49c8-b1d5-fa87f7e0f77c,D1,litter_bin,Stainless Steel Box,-42.8808878998197,147.332406162095,real_public_reference
71d8d1b7-316e-4b5c-886d-28a05c10baed,D1,litter_bin,25lt Drop Plastic,-42.8670226219219,147.330737776592,real_public_reference
720b0a6f-cea1-4a32-9fa1-e4c773d6516e,D1,litter_bin,25lt Drop Plastic,-42.9228514412222,147.258956529962,real_public_reference
722327ab-64e0-4522-8379-e4f3122bd3dc,D1,litter_bin,120lt Cage General Waste,-42.8757272399619,147.331894278654,real_public_reference
7268907a-8f95-4135-9285-85695049aa2b,D1,litter_bin,120lt Cage General Waste,-42.883064387628,147.328418240428,real_public_reference
72f5404f-04cf-4574-b75b-a3a9df416704,D1,litter_bin,120lt Cage General Waste,-42.9095185060697,147.287867610938,real_public_reference
7415bfce-001d-476d-a56e-a22a04fbc47d,D1,litter_bin,120lt Cage General Waste,-42.8593343109961,147.288349611383,real_public_reference
74553e10-23de-4898-bc51-d2784230908c,D1,litter_bin,Stainless Steel/Mod Wood,-42.9090452310647,147.28981826947,real_public_reference
7457aa6a-6a3e-48db-b7c2-d62101066542,D1,litter_bin,Dog Refuse Bag Dispenser,-42.8632459639132,147.303017770309,real_public_reference
75652f05-492d-43af-aaa4-c210514fef6c,D1,litter_bin,Stainless Steel Box,-42.8826436102964,147.330464767208,real_public_reference
75fd6953-99db-49c2-a4dc-1bea65ba7acb,D1,litter_bin,120lt Cage General Waste,-42.8771030255706,147.317243058319,real_public_reference
76b6a0bb-3790-4fde-8de8-b4969dafd744,D1,litter_bin,Dog Refuse Bag Dispenser,-42.8951296916032,147.320291990606,real_public_reference
76cb13ea-428a-4c82-821a-946fa69fbc28,D1,litter_bin,Stainless Steel Box,-42.8815550320621,147.329462077041,real_public_reference
76ea45ce-c411-4867-9c16-bcd15a73dcbe,D1,litter_bin,120lt Cage General Waste,-42.8803469015304,147.308214035868,real_public_reference
771878b9-467c-4e89-8759-f2a0cb280cf9,D1,litter_bin,120lt Cage Stainless General Waste,-42.8927568378894,147.315303059043,real_public_reference
778dcf79-b45e-421d-94bf-d2ccaafd0df3,D1,litter_bin,Dog Refuse Bag Dispenser,-42.8665605034435,147.276099905083,real_public_reference
78acaa88-917e-4b3e-8387-06743393db49,D1,litter_bin,Stainless Steel Box,-42.8841479066117,147.330906757204,real_public_reference
78c6a35a-4649-48e3-9842-09de1f20d54a,D1,litter_bin,Stainless Steel/Mod Wood,-42.9111205375034,147.355451562818,real_public_reference
7971c789-2ce6-4b74-bdb6-6b8eb15ec556,D1,litter_bin,Stainless Steel Box,-42.8825832493219,147.330169963391,real_public_reference
7977a7d6-ec7d-4349-be46-e4f267a8cff1,D1,litter_bin,Stainless Steel Box,-42.8838711293923,147.324229629204,real_public_reference
7994cf90-26f8-4d28-a661-8b6f2b03184e,D1,litter_bin,Stainless Steel Box,-42.865818082653,147.296532574846,real_public_reference
7a211365-abf1-43d7-94e4-af7af5b4d1d3,D1,litter_bin,Dog Refuse Bag Dispenser,-42.9098334666789,147.355716594203,real_public_reference
7a829833-d412-4017-a6af-200d99df0169,D1,litter_bin,120lt Cage General Waste,-42.8657006265124,147.27778396068,real_public_reference
7a85bac9-81d7-4ccd-b923-97d4006b686c,D1,litter_bin, ,-42.8615669387528,147.310044253622,real_public_reference
7adbe2c5-3213-4734-8156-8c8bba8fc960,D1,litter_bin,120lt Cage General Waste,-42.8915059778645,147.315633623613,real_public_reference
7afd6715-76fd-4c20-a257-abf1b0ea53a3,D1,litter_bin,120lt Cage General Waste,-42.8565058569242,147.30367994096,real_public_reference
7cb1049e-a435-4262-aaed-dacca5ef8281,D1,litter_bin,120lt Cage General Waste,-42.8706018726402,147.324574047291,real_public_reference
7cfadb48-50f7-4f00-9910-3e2cb4f38dea,D1,litter_bin,120lt Cage General Waste,-42.8533198766724,147.319362532482,real_public_reference
7d4822a2-7f9f-406a-94eb-645d509f1ebc,D1,litter_bin,Stainless Steel Box,-42.8829253006811,147.330372918678,real_public_reference
7d6e69b1-167b-4456-b0e6-bab14451d580,D1,litter_bin,Stainless Steel Box,-42.8863233953406,147.332274371013,real_public_reference
7d893775-2921-4a56-b433-01fd21bb2541,D1,litter_bin,Stainless Steel Box,-42.9115756637148,147.356094962116,real_public_reference
7dd27a48-ae8d-40ef-a0cc-67d01ae1dec7,D1,litter_bin,Stainless Steel Box,-42.8822696711391,147.329184654749,real_public_reference
7e157473-7931-42e7-8fe8-0974c6a928d4,D1,litter_bin,25lt Drop Plastic,-42.8950199544373,147.326959372443,real_public_reference
7ed6c4c9-7436-498f-8c1b-c8b2646a3276,D1,litter_bin,120lt Cage General Waste,-42.9088132251415,147.291014195515,real_public_reference
7efe1b94-0253-4d9c-9255-3cfde5ac8b00,D1,litter_bin,Dog Refuse Bag Dispenser,-42.9123695586744,147.35648318325,real_public_reference
7f38800c-a122-4d26-bb63-5f1645a41b66,D1,litter_bin,Dog Refuse Bag Dispenser,-42.9059722611767,147.33285733924,real_public_reference
7fb11c29-3819-4c68-a1a1-e321877374cd,D1,litter_bin,120lt Cage General Waste,-42.9083551462186,147.345884371827,real_public_reference
7fba63af-8863-44c8-b45a-68976135b4c6,D1,litter_bin,Stainless Steel Box,-42.8943921143599,147.326106444355,real_public_reference
8044f988-2d32-40a3-bbc2-f8c73fcc8956,D1,litter_bin,Stainless Steel Box,-42.8822991995524,147.329521762493,real_public_reference
8096c2d7-42d2-458d-b26a-64f924071d08,D1,litter_bin,Stainless Steel Box,-42.8741642569838,147.315959966311,real_public_reference
80b03584-0d4b-45ae-a7d7-33cadac635d2,D1,litter_bin,120lt Cage General Waste,-42.8551239108449,147.319264007831,real_public_reference
80ce1ad3-73f0-464c-9a2e-2e27c446772e,D1,litter_bin,Stainless Steel/Mod Wood,-42.8769893072144,147.33203323475,real_public_reference
8116f2e1-3f5a-4241-8320-f51e9b1d1d7c,D1,litter_bin,Stainless Steel/Mod Wood,-42.8952255058366,147.293766220625,real_public_reference
8120fde9-3df4-4d78-992e-0cc43e78039d,D1,litter_bin,Stainless Steel Box,-42.8545623525678,147.30525920235,real_public_reference
816657dc-c93c-4fa5-97da-906a1d4a6d5a,D1,litter_bin,Stainless Steel Box,-42.8828941396504,147.328205266072,real_public_reference
81fb910b-3eda-4d71-bb76-3f9da4f935f4,D1,litter_bin,Dog Refuse Bag Dispenser,-42.8957893107895,147.29510288048,real_public_reference
81feac5b-4d19-4614-bbb2-e084adcd934b,D1,litter_bin,120lt Cage General Waste,-42.9243173513334,147.329030671018,real_public_reference
82422448-31d5-4c53-a0a1-f2c27760f64e,D1,litter_bin,120lt Cage General Waste,-42.8726587601053,147.319728344181,real_public_reference
82b972b2-aa44-45e5-90dd-1a3e97ee5fee,D1,litter_bin,Stainless Steel Box,-42.8848173286452,147.325583977616,real_public_reference
82f4c5e6-a30e-43e3-b41d-f8620e7feea7,D1,litter_bin,Stainless Steel Box,-42.8952986848704,147.327358944201,real_public_reference
84657a83-65f1-40a0-a00f-4fba39510054,D1,litter_bin,Stainless Steel Box,-42.883256542949,147.327363857218,real_public_reference
846ad064-08f7-423d-a160-4783dc9707ca,D1,litter_bin,Stainless Steel Box,-42.8831001899159,147.325264888016,real_public_reference
8545cfde-31fd-4963-945f-991583f07448,D1,litter_bin,Stainless Steel Box,-42.881830509536,147.324420957297,real_public_reference
85d480b9-4795-4c88-aa59-c789f9449de9,D1,litter_bin,Stainless Steel Box,-42.8820745128692,147.329108450861,real_public_reference
86cbbe69-b549-4963-b836-b9499248d229,D1,litter_bin,Stainless Steel Box,-42.8818259896213,147.324427056229,real_public_reference
86dad5a6-5e22-4783-9357-7085f7a5653c,D1,litter_bin,Stainless Steel Box,-42.8816328952213,147.326527915062,real_public_reference
86eaeee7-40b7-4a71-ae96-b72756ad49eb,D1,litter_bin,Stainless Steel Box,-42.8817516910111,147.328324991055,real_public_reference
86fbf23e-781a-4507-96c8-bbd8609774ed,D1,litter_bin,120lt Cage General Waste,-42.8885565897766,147.32093352691,real_public_reference
87061047-afa7-4773-baab-68ce2d82fe0e,D1,litter_bin,Stainless Steel/Mod Wood,-42.8775988996845,147.331038864411,real_public_reference
8710e01d-fc27-4450-a8d7-0b744e393acc,D1,litter_bin,Stainless Steel/Mod Wood,-42.9103996926525,147.357231040598,real_public_reference
8732d67f-f8ad-4d5d-9a1c-bc2fc78fef82,D1,litter_bin,120lt Cage General Waste,-42.9155139942458,147.248393962865,real_public_reference
87804e3d-54ba-4f51-abcc-513c763c2411,D1,litter_bin,Stainless Steel/Mod Wood,-42.8854133834445,147.328821036909,real_public_reference
87b270e9-dee6-439d-b960-0bd9c9f8ca53,D1,litter_bin,120lt Cage General Waste,-42.9171941288417,147.250976382398,real_public_reference
87f87fb5-772b-409f-ad41-a885ed4b2cc4,D1,litter_bin,Stainless Steel/Mod Wood,-42.9094984388449,147.287691852863,real_public_reference
885c927a-cab4-4ac1-b721-838980f7abbb,D1,litter_bin,Stainless Steel Box,-42.9024913447358,147.325151735221,real_public_reference
885dc473-819b-4184-9445-7836ffe73fad,D1,litter_bin,120lt Cage General Waste,-42.9222629058813,147.259720165995,real_public_reference
88fdacc9-e812-4461-bd60-4ac0b6127103,D1,litter_bin,120lt Cage General Waste,-42.8702195890443,147.324784692995,real_public_reference
8924e2fc-1527-4440-9533-bd95e60cbd9c,D1,litter_bin,Dog Refuse Bag Dispenser,-42.9096976815603,147.356976832163,real_public_reference
898a4aba-8086-4110-8e22-d1c8d115bd3b,D1,litter_bin,Stainless Steel/Mod Wood,-42.8632636956025,147.302992415686,real_public_reference
8a70e001-4345-4f5e-9ba5-52795f934fec,D1,litter_bin,Dog Refuse Bag Dispenser,-42.8633702541956,147.326298847922,real_public_reference
8a79ccf0-e99a-43c3-8bf9-4ac1e3b2e82f,D1,litter_bin,120lt Cage General Waste,-42.8703801470867,147.32713713857,real_public_reference
8b4ceb8a-2f7c-4e82-8b90-5269f774b25e,D1,litter_bin,Stainless Steel Box,-42.8975939562316,147.329110522604,real_public_reference
8bbb793d-02c9-4ea0-8f22-0f9a78600aa6,D1,litter_bin,Stainless Steel Box,-42.8778202246006,147.319159006678,real_public_reference
8c16986c-399e-4f92-a740-133a8e2b3c52,D1,litter_bin,Dog Refuse Bag Dispenser,-42.8638302240052,147.304411659876,real_public_reference
8c38d817-1c15-493e-a276-03d280bde73f,D1,litter_bin,Dog Refuse Bag Dispenser,-42.8918824175766,147.335866948884,real_public_reference
8c6093c7-7ccc-4bca-ab63-4c0dd1e24522,D1,litter_bin,Stainless Steel/Mod Wood,-42.8678281290531,147.324940501575,real_public_reference
8cc9c7ac-b4a0-41b0-ab58-ae021e70ca02,D1,litter_bin,120lt Cage General Waste,-42.8780202884659,147.330904708551,real_public_reference
8cddd258-a765-4475-8158-339a7c1381f6,D1,litter_bin,Stainless Steel Box,-42.8802343556104,147.328510874892,real_public_reference
8cf56de4-fe4b-49ba-9f6c-f610fb9ab23c,D1,litter_bin,Stainless Steel Box,-42.8829000119857,147.32548888926,real_public_reference
8d427777-3328-42e2-bab5-cf3dfc69d6d4,D1,litter_bin,Stainless Steel Box,-42.8792477210832,147.329423916279,real_public_reference
8d7c67b2-f998-461c-abd1-e30859e0caa6,D1,litter_bin,Stainless Steel/Mod Wood,-42.8771370283435,147.313061309598,real_public_reference
8e10f37f-c809-4487-b718-7e6273e8bcce,D1,litter_bin,Stainless Steel Box,-42.8519242252395,147.299112084233,real_public_reference
8e4dddd1-7eb3-45bd-a8ae-48679bcadeb1,D1,litter_bin,Stainless Steel/Mod Wood,-42.9114694472203,147.356085618209,real_public_reference
8e5e7193-c551-4a17-b1ad-38c3c6ad56f1,D1,litter_bin,25lt Drop Plastic,-42.8784363351917,147.31017778641,real_public_reference
8ec20880-0b42-4f5f-b12f-1adbf00a7cba,D1,litter_bin,Stainless Steel/Mod Wood,-42.8663389459405,147.323255291818,real_public_reference
8f2404be-08dc-445d-9af9-cf82002be51d,D1,litter_bin,120lt Cage General Waste,-42.8780020758946,147.319273128056,real_public_reference
8fba73b8-d82f-40b3-9456-2d672a01e68a,D1,litter_bin,Dog Refuse Bag Dispenser,-42.9222653890729,147.259723140483,real_public_reference
90956b1f-cfb2-4c6f-8b50-fff3d8bee541,D1,litter_bin,Stainless Steel Box,-42.8875472047304,147.331610822279,real_public_reference
90e3ac6e-4d16-4845-8d58-0b35cc8c5ebe,D1,litter_bin,Stainless Steel/Mod Wood,-42.9095023679045,147.287686488445,real_public_reference
9132ecb9-04c8-419d-859b-2a4c8879baad,D1,litter_bin,Stainless Steel Box,-42.8830411324692,147.326703063684,real_public_reference
9137e917-b807-4127-827d-320dd5334086,D1,litter_bin,120lt Cage General Waste,-42.8602084335273,147.30048789311,real_public_reference
921167c8-d993-4503-ba82-e430dbcb074f,D1,litter_bin,Stainless Steel Box,-42.8839635205142,147.324370216697,real_public_reference
921e54bc-e77d-46eb-9282-da93a54ab1e3,D1,litter_bin,Stainless Steel Box,-42.8916599858241,147.321247825283,real_public_reference
9248d695-1eab-406d-adb0-eec24b6e466f,D1,litter_bin,120lt Cage General Waste,-42.8615752159854,147.288642906587,real_public_reference
92e40e24-70c2-4a38-b5c3-feaaa4aa5fb0,D1,litter_bin,120lt Cage General Waste,-42.8657448000434,147.279153679387,real_public_reference
92e7ad0d-59bb-48dd-a28a-59bdc0accc57,D1,litter_bin,120lt Cage General Waste,-42.8897833714118,147.334551576146,real_public_reference
92f9ef53-55f0-42ce-8e81-eebf6facbd56,D1,litter_bin,120lt Cage General Waste,-42.8956414287277,147.332888525205,real_public_reference
93803c3e-52be-41de-b0be-394c591cee76,D1,litter_bin,Stainless Steel/Mod Wood,-42.9090426663555,147.289842984115,real_public_reference
9398aa3d-680a-4f20-ae27-ae68a76e2d8c,D1,litter_bin,120lt Cage General Waste,-42.9145557586139,147.360628092169,real_public_reference
9400eeeb-ba65-43df-84cd-a95fabb08579,D1,litter_bin,Stainless Steel Box,-42.8827514689238,147.328013062685,real_public_reference
9473d64b-e1a9-4a04-9618-e2ae3338c4c0,D1,litter_bin,Dog Refuse Bag Dispenser,-42.8473007324878,147.31507109172,real_public_reference
953ad5d8-73c6-4bf2-ac1b-9adf847d354c,D1,litter_bin,Dog Refuse Bag Dispenser,-42.8945886445752,147.333554645858,real_public_reference
9568a0c5-c27c-4df2-93d5-74f35c8f7b77,D1,litter_bin,Dog Refuse Bag Dispenser,-42.9092194175818,147.352031799853,real_public_reference
95722e4e-d49c-4438-a359-aa3b8adbcc15,D1,litter_bin,Stainless Steel Box,-42.8865372014336,147.333034166676,real_public_reference
957ec035-c89a-45a8-9309-a9eafb015345,D1,litter_bin,Stainless Steel/Mod Wood,-42.8832043814796,147.330176396805,real_public_reference
95ef795f-d7cc-4903-9b34-c208770e92a6,D1,litter_bin,Stainless Steel/Mod Wood,-42.895883918942,147.333326278581,real_public_reference
961e6d92-c66d-4e32-9295-860afe1eae42,D1,litter_bin,Stainless Steel/Mod Wood,-42.8956116511683,147.32119759615,real_public_reference
964ef367-74bb-4e18-b425-44274ece5c26,D1,litter_bin,Stainless Steel Box,-42.8816540602939,147.33596393948,real_public_reference
986526f0-3333-484c-8d9c-1700e90a7110,D1,litter_bin,120lt Cage General Waste,-42.8626827738476,147.321257231685,real_public_reference
9884d3da-01cc-4d0c-97b3-8cd5220b94a1,D1,litter_bin,120lt Cage General Waste,-42.9094335523759,147.355940746098,real_public_reference
98fa4ef0-f792-47b7-a1bc-4f26ea852950,D1,litter_bin,Stainless Steel Box,-42.8827011181451,147.332161981398,real_public_reference
9950434b-e2bd-4a6a-ab4c-8c9a4fb99986,D1,litter_bin,25lt Drop Plastic,-42.9220662855755,147.260136701797,real_public_reference
995bdb64-ae05-4e0c-b08e-b888f110726f,D1,litter_bin,Dog Refuse Bag Dispenser,-42.8610900365857,147.288638224109,real_public_reference
995e18e8-a76f-4f3d-80b2-127cd0c1e2a2,D1,litter_bin,Stainless Steel/Mod Wood,-42.9083590012313,147.292160412324,real_public_reference
9a24de16-fcc4-4f39-b8cd-ae5e541f05c8,D1,litter_bin,Stainless Steel Box,-42.881789391193,147.328143241703,real_public_reference
9a56bab7-d97a-41ed-b33e-e222b9d2ea4e,D1,litter_bin,120lt Cage General Waste,-42.8590395420825,147.27909604708,real_public_reference
9a5c1a99-969e-43a7-8ddb-b1a6cf740541,D1,litter_bin,Dog Refuse Bag Dispenser,-42.8950911452946,147.295750039996,real_public_reference
9a908225-bf73-4b94-bb69-c7528197e6c6,D1,litter_bin,120lt Cage General Waste,-42.9088727908509,147.352144678961,real_public_reference
9b49c58f-8e7b-4bf1-b741-de8752ddafd7,D1,litter_bin,Stainless Steel/Mod Wood,-42.9135347018831,147.357008906167,real_public_reference
9b86cd85-646b-4e3c-99e3-e623afa39d93,D1,litter_bin,Stainless Steel Box,-42.8831468398616,147.332464225212,real_public_reference
9ba2903d-5b03-44bc-b576-8bef35dee8ca,D1,litter_bin,120lt Cage General Waste,-42.9105700885015,147.354409291569,real_public_reference
9bcddf08-8c0f-4ef3-9062-0c8d06637b69,D1,litter_bin,Stainless Steel/Mod Wood,-42.9079582283712,147.291929742454,real_public_reference
9c002514-a2aa-4fef-b7f9-e4188e1650e4,D1,litter_bin,120lt Doggie Bins,-42.9030862072659,147.309690272713,real_public_reference
9cc3560b-d0d9-470e-97c3-333a415c71e2,D1,litter_bin,120lt Cage General Waste,-42.866383890519,147.322688591279,real_public_reference
9cecdc60-ab7d-41b9-9439-aaaae6d14e8b,D1,litter_bin,Stainless Steel Box,-42.9131166630789,147.35526637938,real_public_reference
9cf5e6f2-0d95-4009-804d-abfacb55ba00,D1,litter_bin,Dog Refuse Bag Dispenser,-42.856142680366,147.320998191616,real_public_reference
9d08ac2e-cb42-4d7b-88ee-2a362acf1d4e,D1,litter_bin,120lt Cage General Waste,-42.8951557407228,147.309078116176,real_public_reference
9de8fad7-6add-41a6-b228-1113dc5dd1ea,D1,litter_bin,120lt Cage General Waste,-42.8944184127028,147.304435160159,real_public_reference
9e281399-ba76-47b8-ae81-1851f6ef83ec,D1,litter_bin,Stainless Steel/Mod Wood,-42.9095023679029,147.287665030778,real_public_reference
9e637a9d-21e6-44d5-9f53-79f7b1e201b5,D1,litter_bin,Stainless Steel/Mod Wood,-42.86792683492,147.324655177017,real_public_reference
9f1b2280-31b1-449a-934d-feddb6971654,D1,litter_bin,Stainless Steel/Mod Wood,-42.9101543750069,147.356537689746,real_public_reference
9f50d597-67a9-43fc-9bc7-0a740ea970ab,D1,litter_bin,Stainless Steel Box,-42.8821752712504,147.328869233319,real_public_reference
a027c22f-3474-49fc-8b14-43c4c0df202d,D1,litter_bin,25lt Drop Plastic,-42.8971500241144,147.328679115214,real_public_reference
a038db44-685c-449b-8a39-496de627c48d,D1,litter_bin,120lt Cage General Waste,-42.8795157268333,147.33036407609,real_public_reference
a0945275-3c7b-4d92-a85b-e223b4960f5f,D1,litter_bin,Stainless Steel Box,-42.8829974998601,147.32663025954,real_public_reference
a0a560e4-7edf-4f93-bb63-5db30be14ea9,D1,litter_bin,Dog Refuse Bag Dispenser,-42.8936474830302,147.300790011371,real_public_reference
a2c510c9-d52b-48ac-8f79-92cb474c306f,D1,litter_bin,25lt Drop Plastic,-42.8838050591681,147.311520799532,real_public_reference
a2c709c1-b127-463e-b29a-afa6b6a3ddce,D1,litter_bin,25lt Drop Plastic,-42.8888611686394,147.330366119218,real_public_reference
a30ada91-6e52-47ff-a80f-68b852b78606,D1,litter_bin,Stainless Steel Box,-42.9046839712662,147.325634532463,real_public_reference
a38342da-2fe0-42cf-8646-98800d74a69e,D1,litter_bin,Stainless Steel Box,-42.8830189774376,147.331224617636,real_public_reference
a3eed3bd-14b3-4378-adec-32adff804f96,D1,litter_bin,120lt Cage General Waste,-42.892726579994,147.315885108846,real_public_reference
a54793c4-b392-44c9-a4f1-152266d3f5db,D1,litter_bin,Stainless Steel Box,-42.8735417085395,147.316015426411,real_public_reference
a55f1c49-18d4-4ea3-81f0-605cc78b315a,D1,litter_bin,Stainless Steel Box,-42.8736220182274,147.315881080589,real_public_reference
a59e6734-4b11-42b9-af1a-29a7fdd87336,D1,litter_bin,120lt Cage Recycling,-42.9155176516978,147.248388367408,real_public_reference
a61a56cd-a5e1-4425-83fb-26898c5f8e0c,D1,litter_bin,120lt Cage General Waste,-42.8524183607054,147.320593488853,real_public_reference
a6f9d5f2-245f-4b78-8aa7-ce8d34a82532,D1,litter_bin,Stainless Steel Box,-42.880737589347,147.332440884131,real_public_reference
a7557ad5-01c0-4e4c-aefe-66edff1e7e96,D1,litter_bin,Stainless Steel/Mod Wood,-42.9091546450689,147.286946198961,real_public_reference
a76938bf-1519-4146-9afb-7e51f3502ff1,D1,litter_bin,Stainless Steel Box,-42.8817735109248,147.329051125543,real_public_reference
a7c8ce1e-0bf6-4cc8-83c7-838b16857314,D1,litter_bin,120lt Cage General Waste,-42.9094564162691,147.285711598689,real_public_reference
a7d16212-f1d8-4fe8-af27-f6dabcd9cf00,D1,litter_bin,120lt Cage General Waste,-42.8522579952885,147.317531598294,real_public_reference
a7fd6ea9-3ea3-4752-a160-4d24d9698185,D1,litter_bin,120lt Cage General Waste,-42.8757742831288,147.332174823492,real_public_reference
a82be6ed-d81e-40cc-aea8-aecea287cadc,D1,litter_bin,120lt Cage Stainless General Waste,-42.8818357470063,147.325685380313,real_public_reference
a84c9508-0c3c-484d-a13d-b4945368d0bb,D1,litter_bin,Stainless Steel Box,-42.8778723704111,147.325401818714,real_public_reference
a8522137-bf81-45b5-a122-de88c40819d1,D1,litter_bin,Stainless Steel Box,-42.8867471642233,147.331704991584,real_public_reference
a8776a56-6d32-450a-8342-28606ce639bc,D1,litter_bin,Stainless Steel Box,-42.8807954732879,147.334157809695,real_public_reference
a8910835-f2d2-43fe-8bed-579ff861ade6,D1,litter_bin,Stainless Steel Box,-42.8865705518554,147.334221993685,real_public_reference
a8b0db79-c365-45b4-ba35-c8ff672b2e24,D1,litter_bin,120lt Cage General Waste,-42.8686398949121,147.301793218458,real_public_reference
a8ebaee7-094c-4d08-ba25-c2192053bb9e,D1,litter_bin,120lt Cage Stainless General Waste,-42.8946271089682,147.309212237739,real_public_reference
a92673e5-aa7a-4ca4-a843-59897ab05847,D1,litter_bin,Stainless Steel/Mod Wood,-42.9091602441264,147.289099096764,real_public_reference
a98cc3b1-11c5-478c-8246-3e6207589520,D1,litter_bin,25lt Drop Plastic,-42.8874748823989,147.325083589816,real_public_reference
a9b1698c-01a1-4661-8678-4734ce6c11e2,D1,litter_bin,Stainless Steel/Mod Wood,-42.9115783409757,147.356081167739,real_public_reference
a9e73181-6b66-4416-8d4a-36ff9822cd98,D1,litter_bin,120lt Cage General Waste,-42.8787740047851,147.326749007657,real_public_reference
aa1d6792-ff90-47fa-9340-15be05ecb545,D1,litter_bin,Dog Refuse Bag Dispenser,-42.8956148361144,147.333243626698,real_public_reference
aa6d1fd4-8683-4cea-8558-e1988cbe6ee3,D1,litter_bin,Stainless Steel Box,-42.9024395736611,147.325172656921,real_public_reference
aa9ec983-9c2d-43ec-9f9f-14723afc118c,D1,litter_bin,120lt Doggie Bins,-42.8745229269029,147.331075473653,real_public_reference
aaaf72f3-2cad-4935-98aa-6e857c45c885,D1,litter_bin,Stainless Steel Box,-42.8833198926449,147.329650510475,real_public_reference
aafbb7d9-decc-4e5d-bee2-154736d74bbd,D1,litter_bin,Stainless Steel Box,-42.906288313871,147.296926697059,real_public_reference
ab64750f-0659-4287-a2b5-9adf765833f0,D1,litter_bin,120lt Cage General Waste,-42.8950617519097,147.295595314571,real_public_reference
ac027940-bc68-4fee-89f3-bcf79ef988db,D1,litter_bin,Stainless Steel Box,-42.8812179228503,147.327303062062,real_public_reference
ac47d90c-f871-45ee-bd87-d625e35597e8,D1,litter_bin,Stainless Steel Box,-42.8795644549699,147.329347664371,real_public_reference
ac5061dc-82f7-477a-a7c4-10ccafc47407,D1,litter_bin,120lt Cage General Waste,-42.8893156395312,147.307366617727,real_public_reference
ac66b7e1-0b50-467b-8347-28da1e2d5493,D1,litter_bin,Stainless Steel Box,-42.8842801699361,147.329422358174,real_public_reference
ac805fa8-b9e6-437a-9be9-5c8ea241d7b6,D1,litter_bin,120lt Cage General Waste,-42.908821702375,147.290490927746,real_public_reference
ad09684c-a7d9-42a8-b790-e48ec3e0a9e5,D1,litter_bin,Dog Refuse Bag Dispenser,-42.9135348342302,147.3570069081,real_public_reference
ad0dd9f1-a1f8-4391-9182-21b593efd998,D1,litter_bin,120lt Cage General Waste,-42.8530465576506,147.319563698156,real_public_reference
ad104bbd-94f5-4ec7-ade3-66ae48b816a7,D1,litter_bin,240lt Cage General Waste,-42.8761806033937,147.332829275775,real_public_reference
ad416889-ecbd-47d9-836a-6056087a49c0,D1,litter_bin,Stainless Steel Box,-42.8817259486444,147.326731763106,real_public_reference
ad45f63c-978b-4c81-87e6-092972e8cfb8,D1,litter_bin,120lt Cage Recycling,-42.8615856300551,147.310082872242,real_public_reference
ad861873-c6bb-4fb2-b81d-e22114484d24,D1,litter_bin,Stainless Steel Box,-42.8852019907361,147.331691544269,real_public_reference
adf3c1f2-d11f-403a-92a1-7b98675d123f,D1,litter_bin,Stainless Steel/Mod Wood,-42.9123676026755,147.356480890791,real_public_reference
adf44554-39c9-45f5-b7a6-21e9a707973e,D1,litter_bin,Stainless Steel/Mod Wood,-42.9114996737485,147.356158804824,real_public_reference
ae10e77b-d1d1-4e36-ba2b-8d88fe396573,D1,litter_bin,Stainless Steel Box,-42.8790549542071,147.322038469865,real_public_reference
ae68ab0a-caa9-4c67-8fce-340964df0af3,D1,litter_bin,120lt Cage Recycling,-42.8873339780127,147.332929687127,real_public_reference
ae9749b8-87e0-4ffa-a5ad-c4828f9010d2,D1,litter_bin,Stainless Steel Box,-42.8829766469239,147.326589973432,real_public_reference
aeda9375-ca0b-4206-8867-1b20bc1ef420,D1,litter_bin,120lt Cage General Waste,-42.8918802510435,147.335861992928,real_public_reference
af8eaf1c-d90d-449c-b69f-e8f9ec698419,D1,litter_bin,Stainless Steel Box,-42.881260226957,147.328213115967,real_public_reference
af901cbc-d010-4640-a6d5-0238b970726b,D1,litter_bin,Stainless Steel Box,-42.8799744040761,147.331740626416,real_public_reference
b0091418-9261-4254-8ad6-1283c72edb9c,D1,litter_bin,25lt Drop Plastic,-42.9201913562069,147.260835849747,real_public_reference
b0619a2f-e05a-42eb-b86b-522ca8b1a3c9,D1,litter_bin,120lt Cage General Waste,-42.8816174129664,147.330420634996,real_public_reference
b09c847d-bd08-4c50-a14d-6e38380dd24f,D1,litter_bin,Stainless Steel/Mod Wood,-42.9123981719529,147.356538862887,real_public_reference
b17c9095-cc32-4df0-ac20-825972b9de93,D1,litter_bin,120lt Cage General Waste,-42.8770897256176,147.317120528927,real_public_reference
b205095f-e197-4a1a-892c-f641ab6f44f2,D1,litter_bin,120lt Cage General Waste,-42.8867799705204,147.329616735068,real_public_reference
b303588e-e998-4a65-b496-d65667a41b7f,D1,litter_bin,120lt Cage General Waste,-42.8945984066427,147.333539677824,real_public_reference
b3d08d78-1e90-49de-8ea5-58147f1282ac,D1,litter_bin,Stainless Steel/Mod Wood,-42.8954640667041,147.308630846589,real_public_reference
b501c2c5-dd5d-460b-a987-2c2b1aebfe5e,D1,litter_bin,25lt Drop Plastic,-42.8673756891636,147.331009259969,real_public_reference
b57e01c4-f11c-44b0-ab24-89743271e35c,D1,litter_bin,25lt Drop Plastic,-42.8838477121133,147.330649140933,real_public_reference
b64cd747-074a-4d89-aad6-fb6ed3988f44,D1,litter_bin,Stainless Steel Box,-42.8867792040189,147.334010496572,real_public_reference
b68545ce-90c2-4aba-b3ca-aad96821dd2c,D1,litter_bin,Stainless Steel Box,-42.8814627910599,147.335424629311,real_public_reference
b7a58adc-c8f3-4d68-b034-f780662988da,D1,litter_bin,Dog Refuse Bag Dispenser,-42.898265365376,147.29936222716,real_public_reference
b7a9effa-c94e-478d-a012-dd66073791b6,D1,litter_bin,Stainless Steel Box,-42.8831823197313,147.333047046485,real_public_reference
b7e431bd-eee3-4304-accd-31e7be90583c,D1,litter_bin,120lt Cage General Waste,-42.8772737964801,147.313244509982,real_public_reference
b7e54866-88f7-4ae1-9b94-bbf292731c28,D1,litter_bin,Stainless Steel Box,-42.8815286454662,147.327821662308,real_public_reference
b940b23c-2ad8-4176-97a1-cda4749fc838,D1,litter_bin,Dog Refuse Bag Dispenser,-42.9104055740595,147.357184619928,real_public_reference
b9da9a64-64e7-4fb9-a2de-38bd545e65b1,D1,litter_bin,120lt Doggie Bins,-42.8932270111227,147.319551270292,real_public_reference
ba16f509-750c-4ad8-8d01-4c506cb41e0d,D1,litter_bin,Stainless Steel Box,-42.8829290628665,147.330382043239,real_public_reference
ba1aa59b-fc62-4db2-9318-15b5d77ae4af,D1,litter_bin,120lt Cage General Waste,-42.8617890031631,147.288145751355,real_public_reference
ba9ec27b-82a0-41a4-8acb-498f334eab5a,D1,litter_bin,Dog Refuse Bag Dispenser,-42.902810145963,147.310969515848,real_public_reference
baecf0c4-afb4-4087-990c-e69130b5eb79,D1,litter_bin,Stainless Steel/Mod Wood,-42.8834064108857,147.330427084703,real_public_reference
bb25c318-f98d-4481-a76d-71ab142e0ecf,D1,litter_bin,Stainless Steel Box,-42.8867724967024,147.333176382505,real_public_reference
bc9bb885-00c8-4304-9219-93e5202eb029,D1,litter_bin,Stainless Steel/Mod Wood,-42.9101624356602,147.356521636868,real_public_reference
bd7fcb8c-adad-4100-9132-d1604307402c,D1,litter_bin,Stainless Steel Box,-42.8817455344733,147.328311674809,real_public_reference
bd8a9728-5be7-4a3e-b653-a864a0139369,D1,litter_bin,120lt Cage General Waste,-42.8878235234037,147.336076770721,real_public_reference
bdb168a9-41f1-4c54-9997-b37ecb4a8454,D1,litter_bin,Stainless Steel/Mod Wood,-42.9101460258428,147.35654171306,real_public_reference
be394189-c5f3-4455-b33e-82683c2f9252,D1,litter_bin,Stainless Steel Box,-42.8813804636262,147.325822530185,real_public_reference
beae9edc-8c5e-4b62-a0d8-c604671b870d,D1,litter_bin,Stainless Steel Box,-42.8866295001535,147.331337235536,real_public_reference
bec38054-710b-4d17-838c-875119cf1dc7,D1,litter_bin,Stainless Steel Box,-42.8818007627067,147.328165981337,real_public_reference
bf21b718-a6e2-4a01-b2c3-5f1e57e572b1,D1,litter_bin,Stainless Steel/Mod Wood,-42.8512332050072,147.311864022646,real_public_reference
bf5387d7-dbbc-4a7f-8256-ad69006958d5,D1,litter_bin,Stainless Steel/Mod Wood,-42.8834046522131,147.330024293878,real_public_reference
bf760425-9af4-4245-b8a2-0de86104dc56,D1,litter_bin,Stainless Steel Box,-42.8803946698721,147.328682276583,real_public_reference
bfb24308-6e42-470e-bfe7-4877488c58b6,D1,litter_bin,Stainless Steel Box,-42.8838895941932,147.328499457518,real_public_reference
bfdb59b7-638a-4d1d-bb05-822d3a7b34b6,D1,litter_bin,Stainless Steel/Mod Wood,-42.877185334682,147.312695183766,real_public_reference
c07476b5-ce4a-45c1-af97-c52b3569ca97,D1,litter_bin,Dog Refuse Bag Dispenser,-42.8882286894511,147.337458225143,real_public_reference
c0b9b801-c429-4b59-92da-4b8bd942c7cf,D1,litter_bin,Stainless Steel/Mod Wood,-42.8771027811474,147.31302241321,real_public_reference
c224c211-f14f-4d45-ac7f-cfad21bbec76,D1,litter_bin,Stainless Steel Box,-42.8728282628541,147.31521719412,real_public_reference
c2a243d7-f563-446a-ae90-c0d2ddbf8529,D1,litter_bin,Stainless Steel/Mod Wood,-42.9108688941937,147.35647102508,real_public_reference
c2b8cd54-f76b-4108-83b0-1345d3b17896,D1,litter_bin,Stainless Steel Box,-42.8821203002582,147.328762673119,real_public_reference
c2d18c76-7180-4ac3-8136-02e9460353f6,D1,litter_bin,Dog Refuse Bag Dispenser,-42.8546471281397,147.318836819432,real_public_reference
c45666be-d5cf-4c23-a947-c08806d85ae6,D1,litter_bin,Stainless Steel Box,-42.8841502415158,147.330915225328,real_public_reference
c4995a66-51b3-4243-adba-b2568e2dbaf0,D1,litter_bin,Stainless Steel/Mod Wood,-42.865925662649,147.322456183295,real_public_reference
c54939a8-14bd-489b-add5-16640e6ac931,D1,litter_bin,120lt Cage General Waste,-42.9091988793074,147.354515639981,real_public_reference
c57c30b5-7cb6-4c34-871a-3f66dfcd0639,D1,litter_bin,Stainless Steel Box,-42.8788395261517,147.32195726479,real_public_reference
c5ed55b4-e9b8-4a35-953a-cafab54db7d0,D1,litter_bin,120lt Cage Recycling,-42.8873228185968,147.3326704131,real_public_reference
c6230f53-c2cf-4369-b96c-c53c515e6f51,D1,litter_bin,Stainless Steel Box,-42.8833173001996,147.327447122249,real_public_reference
c63c231c-6ad2-4186-996f-72d25e021139,D1,litter_bin,120lt Cage General Waste,-42.8664722042816,147.313553954009,real_public_reference
c68004ce-4d9d-47e0-a77a-5cc356a493a2,D1,litter_bin,Dog Refuse Bag Dispenser,-42.9137976859579,147.359707919046,real_public_reference
c6f6759a-3da8-4b4f-bef9-e9b2d2dcc3bc,D1,litter_bin,120lt Doggie Bins,-42.9248789891271,147.329583624042,real_public_reference
c753fa5f-355e-49dd-aca8-ee35f1782c31,D1,litter_bin,120lt Cage General Waste,-42.9086710520921,147.296149232842,real_public_reference
c8309506-9780-4991-bd84-e930ddc1fd57,D1,litter_bin,120lt Cage General Waste,-42.9103232233027,147.355993967005,real_public_reference
c862599a-e361-4e87-b70d-c3e66fab53ba,D1,litter_bin,120lt Cage General Waste,-42.8767600137824,147.316970250888,real_public_reference
c90f5357-c221-4309-a15c-3e1b4d8614af,D1,litter_bin,120lt Cage General Waste,-42.8530610753559,147.29720639721,real_public_reference
c9186928-99e1-4e83-874c-9399490c0776,D1,litter_bin,Stainless Steel Box,-42.8865386141452,147.332665933558,real_public_reference
c92f599b-1cb2-492b-8128-be55c3ace943,D1,litter_bin,Stainless Steel Box,-42.8946820907346,147.327127856132,real_public_reference
c9b52623-a865-4e14-8c1d-27adc6400284,D1,litter_bin,Stainless Steel Box,-42.8532649243197,147.300386744817,real_public_reference
ca708d41-fb31-4fa4-84e6-a46d8367163b,D1,litter_bin,120lt Cage General Waste,-42.8528944339709,147.297457424908,real_public_reference
ca744ee5-fd17-4acf-a50c-a7bc790dc8d9,D1,litter_bin,120lt Cage General Waste,-42.9089515229597,147.286433479302,real_public_reference
ca880de8-f753-4bb9-8ba3-29120ff30953,D1,litter_bin,Dog Refuse Bag Dispenser,-42.911120537504,147.355459609443,real_public_reference
cae5f8e4-ca57-49bb-9a84-341e91ebd6e6,D1,litter_bin,Stainless Steel Box,-42.8721133088301,147.314546063023,real_public_reference
cb13c914-52ed-47c5-9a6d-743f53e00474,D1,litter_bin,Stainless Steel/Mod Wood,-42.9108882376049,147.35678428518,real_public_reference
cb46de70-82a0-4234-b923-2d7caca019a6,D1,litter_bin,Stainless Steel/Mod Wood,-42.9066085040254,147.293988047829,real_public_reference
ccc1b821-ac27-4473-be8b-3f1a68b51a25,D1,litter_bin,120lt Cage General Waste,-42.8867645340081,147.328425838316,real_public_reference
ccca305c-d045-41f5-aad4-5b260b9e3aed,D1,litter_bin,Stainless Steel Box,-42.8958896904517,147.32833935339,real_public_reference
cdd8bac3-dd56-4af9-a87e-87915bc87ea3,D1,litter_bin,120lt Doggie Bins,-42.892731010873,147.320551254754,real_public_reference
ce3f3150-ca10-4737-9e57-2c2d57d8c38d,D1,litter_bin,120lt Cage General Waste,-42.8982835405883,147.299370944334,real_public_reference
ce952493-1494-40a7-86cc-300cad78df7f,D1,litter_bin,Dog Refuse Bag Dispenser,-42.9147030258156,147.360576482803,real_public_reference
ce9e7658-cf8f-4382-bc37-0e7f18f42440,D1,litter_bin,Stainless Steel Box,-42.8863900511192,147.330665697772,real_public_reference
cea3ae20-f8cd-460a-9944-35b920eac196,D1,litter_bin,Stainless Steel Box,-42.8808375233663,147.329603063171,real_public_reference
cec2a5d4-67df-49dd-9688-94598b4a4869,D1,litter_bin,Dog Refuse Bag Dispenser,-42.8936731687287,147.300833854874,real_public_reference
cecf6c2d-4cc0-4231-a0b4-8fedbe3e574f,D1,litter_bin,240lt Cage General Waste,-42.9087623987679,147.290666435004,real_public_reference
cee0c640-3246-4bc2-9028-21c1199fd20c,D1,litter_bin,120lt Cage General Waste,-42.906736509603,147.29330732558,real_public_reference
cf85e28f-0626-47b5-8002-999bdeb887a1,D1,litter_bin,25lt Drop Plastic,-42.8895697417834,147.334248736257,real_public_reference
d0222e23-dd3e-4d7a-b3ce-77df0c34e15e,D1,litter_bin,Stainless Steel Box,-42.874136042739,147.316496582781,real_public_reference
d07bed90-34b1-4b31-959e-44d2ffdcc7af,D1,litter_bin,25lt Drop Plastic,-42.8835361631659,147.329029348475,real_public_reference
d0bae444-8192-4215-9d4c-c2afb2fa6f10,D1,litter_bin,Stainless Steel Box,-42.8867837244395,147.334004397857,real_public_reference
d0ddf698-a15a-4190-bda7-937e990dc2e5,D1,litter_bin,Dog Refuse Bag Dispenser,-42.8801502578538,147.308140468176,real_public_reference
d186425b-e269-4517-8c03-b21c4c151c32,D1,litter_bin,Stainless Steel Box,-42.8807030886471,147.325653700163,real_public_reference
d227f9dc-533d-46ed-9095-88bde751e1bb,D1,litter_bin,120lt Cage General Waste,-42.8473003348283,147.315069318802,real_public_reference
d25f466d-8ef0-464c-82e9-7908ce43b851,D1,litter_bin,Stainless Steel Box,-42.8813593771486,147.327258794179,real_public_reference
d2699beb-5be3-4bdb-8ed6-bc75928fad64,D1,litter_bin,120lt Cage General Waste,-42.8936477573034,147.300793243612,real_public_reference
d3840c0c-60fe-4a73-b25e-6539b491fc6d,D1,litter_bin,120lt Cage General Waste,-42.8618478756048,147.288512194849,real_public_reference
d3be8158-0c4c-4a5f-8a84-ef94b65e44d5,D1,litter_bin,120lt Cage General Waste,-42.8890857527134,147.335059901412,real_public_reference
d3cd6274-69b7-4437-924f-88c8e8d56a3f,D1,litter_bin,Dog Refuse Bag Dispenser,-42.8908704851306,147.316781106748,real_public_reference
d3efe887-9624-46db-8418-f0ec53580d79,D1,litter_bin,25lt Drop Plastic,-42.8867512572958,147.319119003722,real_public_reference
d482716c-13ce-4478-b298-34e8c9969ad6,D1,litter_bin,Dog Refuse Bag Dispenser,-42.8626180487636,147.287810726979,real_public_reference
d4e0f105-301c-42c7-a119-93571fc7d9cf,D1,litter_bin,120lt Doggie Bins,-42.9157839798843,147.332526946407,real_public_reference
d5033086-233a-4679-b8d4-c3cdaa4906f3,D1,litter_bin,Dog Refuse Bag Dispenser,-42.8955955998165,147.321235866645,real_public_reference
d57f842c-881d-413e-9c64-2d405813109b,D1,litter_bin,Dog Refuse Bag Dispenser,-42.8950371108643,147.333221072667,real_public_reference
d5eeac04-3e88-4e72-a049-917eff526686,D1,litter_bin,Dog Refuse Bag Dispenser,-42.8944153645089,147.30443716114,real_public_reference
d6cebdb9-6022-4e23-8c29-90ff06034462,D1,litter_bin,Dog Refuse Bag Dispenser,-42.885848865779,147.328680110284,real_public_reference
d72d24ec-7578-4059-bbab-dd239c34fcfd,D1,litter_bin,120lt Cage General Waste,-42.8860514442336,147.327926702426,real_public_reference
d7fcf8a7-5973-4788-b090-0983099abfc5,D1,litter_bin,Stainless Steel/Mod Wood,-42.906301575832,147.296864488916,real_public_reference
d85d1dd0-1a8c-4b11-a90b-7cca384c28cd,D1,litter_bin,120lt Cage General Waste,-42.9281461188194,147.252726219146,real_public_reference
d88a0bf5-2e6a-42c9-a472-46872bee43a3,D1,litter_bin, ,-42.861604383239,147.310067835086,real_public_reference
d8d62880-b526-4e99-a512-3f1d9188c0b6,D1,litter_bin,Stainless Steel Box,-42.8857919583627,147.324113092482,real_public_reference
d9633f07-d333-44f7-9222-529ceb1658f1,D1,litter_bin,Stainless Steel Box,-42.9114990495823,147.35615933513,real_public_reference
d97501e1-cde8-46f3-b752-7511f3052024,D1,litter_bin,Stainless Steel Box,-42.9128122039031,147.355790103579,real_public_reference
d986fbc8-d908-494c-a7ac-6e3868f57d28,D1,litter_bin,Stainless Steel Box,-42.865975921182,147.297226488705,real_public_reference
d9a2cecc-f93f-40e0-966e-b1261d2bb80f,D1,litter_bin,Stainless Steel Box,-42.8806430160529,147.330674543391,real_public_reference
da2037be-89be-4691-b6ae-1eedcd4ed1e2,D1,litter_bin,120lt Cage General Waste,-42.8858355964485,147.328666247353,real_public_reference
da349b63-1e1a-4c7f-8ab9-00f607c63550,D1,litter_bin,120lt Cage General Waste,-42.9087441952759,147.348017041543,real_public_reference
da39aa96-f54c-4218-8981-5b30b7e0b7d9,D1,litter_bin,Stainless Steel Box,-42.894357381388,147.326359814562,real_public_reference
db836c99-f906-4a68-9220-a5c6fcdf471a,D1,litter_bin,Stainless Steel Box,-42.8842846901145,147.329416259367,real_public_reference
dbbdfb62-dba4-4095-93b9-50741f9aa132,D1,litter_bin,Stainless Steel Box,-42.8840155859955,147.325477118613,real_public_reference
dc3cadea-574b-454c-b011-d0d58657c6f6,D1,litter_bin,Stainless Steel Box,-42.8812662765938,147.328222575546,real_public_reference
dc586802-330d-4350-acc8-7feb79f02d8e,D1,litter_bin,Stainless Steel Box,-42.8877418012138,147.329671206527,real_public_reference
dcb50c01-ac5f-4bfe-a903-e0dac74c41f7,D1,litter_bin,Stainless Steel Box,-42.8943528613763,147.326365914581,real_public_reference
dd0eabe6-0328-45bf-abb7-53a8030f9d45,D1,litter_bin,120lt Cage Stainless General Waste,-42.8814623971981,147.32500926869,real_public_reference
dd145048-7c5b-426a-aad5-78425fe56386,D1,litter_bin,25lt Drop Plastic,-42.8896231213427,147.332009810859,real_public_reference
dd26ed3b-ad6c-4858-a43a-eae89410eb9d,D1,litter_bin,Stainless Steel Box,-42.8627898674555,147.289023280832,real_public_reference
dd3484bc-e5c4-4328-bf21-edf8727a7a00,D1,litter_bin,Stainless Steel Box,-42.8826933287238,147.332500726875,real_public_reference
ddccaff8-4ca7-49a2-9e5a-f913e53d8d92,D1,litter_bin,Stainless Steel Box,-42.8844983048228,147.329349902175,real_public_reference
de24fee9-d432-4253-92a8-3f022d4d9fc6,D1,litter_bin,120lt Cage General Waste,-42.8658419528611,147.292338302991,real_public_reference
de27f268-9f08-470c-95f1-354096db9cb5,D1,litter_bin,Stainless Steel Box,-42.8820224950308,147.326399523158,real_public_reference
de461abe-91b4-4e20-8d21-d2a95bcfd31b,D1,litter_bin,Stainless Steel Box,-42.8947839759593,147.32771108196,real_public_reference
de9936fc-9b76-4509-8169-7b081058b463,D1,litter_bin,Stainless Steel Box,-42.8801210758829,147.328739511728,real_public_reference
df10cc3b-408f-494e-a3e7-92f630231cdc,D1,litter_bin,120lt Cage General Waste,-42.8807002337361,147.309459438769,real_public_reference
df520814-b73c-4e51-bef9-f6981c9d4165,D1,litter_bin,Stainless Steel/Mod Wood,-42.8640775088254,147.304101458907,real_public_reference
df75a73c-03bb-4d12-95f8-bb365036a686,D1,litter_bin,120lt Cage General Waste,-42.892196804252,147.337292307515,real_public_reference
e14f64a2-2cff-496d-8ee3-b4ba07b93d20,D1,litter_bin,Stainless Steel Box,-42.8802299492157,147.328501813549,real_public_reference
e1ba6f3d-33ae-4984-8e6a-482def21e021,D1,litter_bin,Dog Refuse Bag Dispenser,-42.9139854385716,147.357964757305,real_public_reference
e30e471a-db98-4d9b-80aa-485e0a647b51,D1,litter_bin,Stainless Steel/Mod Wood,-42.9087542571121,147.29072425736,real_public_reference
e3118b25-5cbf-48cf-8398-9d44ef1d81a6,D1,litter_bin,Stainless Steel Box,-42.8841240818033,147.325530825394,real_public_reference
e3f19949-a30a-4568-a904-747765ed62a9,D1,litter_bin,120lt Cage General Waste,-42.8593139144009,147.289139008797,real_public_reference
e4695a91-dde0-4099-ab4e-5071b80679a9,D1,litter_bin,120lt Cage General Waste,-42.8925192540814,147.335376766775,real_public_reference
e4b3f4bf-325f-4363-a92e-bbf15205dd81,D1,litter_bin,Dog Refuse Bag Dispenser,-42.891507725718,147.315630380909,real_public_reference
e5a316e1-e90b-444d-9ea6-1f5e1dee8012,D1,litter_bin,120lt Cage General Waste,-42.9248263324109,147.329328182525,real_public_reference
e5d280b9-d29c-4523-b7bd-af252b199a56,D1,litter_bin,120lt Cage General Waste,-42.8929245821481,147.315068349142,real_public_reference
e5f5eb98-66b9-4242-9d41-b1ba178a8dbe,D1,litter_bin,120lt Cage General Waste,-42.8930335291296,147.32621471506,real_public_reference
e5fd305f-cac3-4f0f-a6c4-9f6bbb2b5bad,D1,litter_bin,Stainless Steel Box,-42.900143213868,147.324911110296,real_public_reference
e63cb5b4-5540-48fb-8ad4-178914c24bb0,D1,litter_bin,120lt Cage General Waste,-42.9245891623681,147.33064382471,real_public_reference
e66aea01-f6e9-4b3a-8112-e6392686d95e,D1,litter_bin,Stainless Steel/Mod Wood,-42.908351142911,147.291463038125,real_public_reference
e69da6d7-1ba9-47fa-a4dd-6169ee3f0be9,D1,litter_bin,Stainless Steel Box,-42.8802683630236,147.328356135055,real_public_reference
e6b37486-11ed-4799-86fc-9d8ae1ad6a51,D1,litter_bin,Stainless Steel Box,-42.882530269459,147.325707654911,real_public_reference
e6ca6b89-3b22-4ff9-9d99-3e5ee68a036a,D1,litter_bin,Stainless Steel Box,-42.8724313671585,147.314591342878,real_public_reference
e6e27efd-9bc6-4d6a-a936-6ac85bb11a9a,D1,litter_bin,120lt Cage General Waste,-42.8767967827155,147.308003188197,real_public_reference
e6e67453-da3e-4a5b-b9b3-36a9275d0160,D1,litter_bin,Stainless Steel Box,-42.8855382073197,147.32669445052,real_public_reference
e70b555a-5ff6-479a-acc0-af836cd2a870,D1,litter_bin,Stainless Steel Box,-42.8726730066622,147.315059396906,real_public_reference
e80de7c8-1195-4aaf-93e9-d4fc1c21dec3,D1,litter_bin,120lt Cage Recycling,-42.8657436983492,147.27915936208,real_public_reference
e8170e0f-0249-4cf0-adb4-74cb48266ac2,D1,litter_bin,120lt Cage General Waste,-42.8617729043474,147.288426540081,real_public_reference
e81c35af-6985-4787-b73c-7aecf4d5b76a,D1,litter_bin,120lt Cage Recycling,-42.8852737887607,147.331314592104,real_public_reference
e8d57cf2-1d37-4b62-9001-55a3bbbf7e2c,D1,litter_bin,120lt Cage General Waste,-42.8942503322537,147.319383170316,real_public_reference
e9205570-2fa8-431b-9ea8-913dfcd962d0,D1,litter_bin,120lt Cage General Waste,-42.8857756936012,147.331151700888,real_public_reference
e9320ec9-c12f-4563-8970-102925ff5951,D1,litter_bin,Dog Refuse Bag Dispenser,-42.9248289719201,147.329330657135,real_public_reference
e9545e0e-aa0d-4ec2-87bc-0b91c9ff90e0,D1,litter_bin,Stainless Steel Box,-42.8793572984805,147.323705283594,real_public_reference
ea0b471a-f805-403b-9aa4-60575e042dfa,D1,litter_bin,120lt Cage General Waste,-42.880149301079,147.30813828015,real_public_reference
ea59d951-0d42-4cd0-a057-5a194e712340,D1,litter_bin,Dog Refuse Bag Dispenser,-42.9157063864706,147.35707209112,real_public_reference
ea7e3919-3b04-4b99-aa8c-790f08585bf0,D1,litter_bin,Stainless Steel/Mod Wood,-42.9083447029335,147.292139714084,real_public_reference
eae8094b-0372-4ce1-b62f-04e8f62b6f6e,D1,litter_bin,Stainless Steel Box,-42.8813244995859,147.32998004016,real_public_reference
ebe59a38-6c53-4720-9119-5b5592f32c49,D1,litter_bin,Stainless Steel Box,-42.8852096818502,147.325842185767,real_public_reference
ec3fb8fa-52ad-4f87-8a6e-ba90252d87dc,D1,litter_bin,Stainless Steel Box,-42.8808448684395,147.309732128643,real_public_reference
ec5c60ec-6975-4f3c-8fba-7b49d0983605,D1,litter_bin,120lt Doggie Bins,-42.8864489820432,147.304357110423,real_public_reference
ec6bed8a-b3d6-4ac8-b5a7-8e811db12079,D1,litter_bin,120lt Cage General Waste,-42.8837386362873,147.328602069521,real_public_reference
ed2142c8-b9bc-463d-a096-5b3571450301,D1,litter_bin,Stainless Steel Box,-42.911463689172,147.356070822256,real_public_reference
ed2eb8bf-0458-4ff4-aa4b-3514aebe805d,D1,litter_bin,Stainless Steel/Mod Wood,-42.906607621922,147.294002967974,real_public_reference
ed304349-02b7-4cd4-9c5c-fcecd36bf97b,D1,litter_bin,Stainless Steel Box,-42.8865483164684,147.333503847067,real_public_reference
ed33789a-ae70-4518-95e4-c9343f4e39e6,D1,litter_bin,120lt Cage General Waste,-42.8920357725279,147.337474087899,real_public_reference
ed65cbcc-23f0-4802-a9b5-0b8847d2084d,D1,litter_bin,Stainless Steel Box,-42.8836526934135,147.327045312011,real_public_reference
ed9bd159-ff05-4e12-a7b9-174ecdd7d6b7,D1,litter_bin,25lt Drop Plastic,-42.8897128147335,147.333341795437,real_public_reference
ee0cdecc-f2ee-4757-8749-e69b7b77ccaf,D1,litter_bin,Dog Refuse Bag Dispenser,-42.9091789884081,147.35537998166,real_public_reference
eecce1c1-5423-4662-9500-9a96db7c120e,D1,litter_bin,Stainless Steel Box,-42.8811768963613,147.328336047315,real_public_reference
eee14a9e-e730-4008-b528-359571385a54,D1,litter_bin,120lt Cage General Waste,-42.8867189738117,147.319501181863,real_public_reference
ef165f12-2e31-490c-a21b-ed2df44dfeb8,D1,litter_bin,120lt Cage General Waste,-42.8744830984852,147.256269838133,real_public_reference
ef650112-00eb-4a35-9949-689c1322a1c5,D1,litter_bin,Dog Refuse Bag Dispenser,-42.9097047761544,147.348942985774,real_public_reference
efb63d95-aa84-44c2-973c-dd045c627497,D1,litter_bin,120lt Cage General Waste,-42.8964883948063,147.332311493196,real_public_reference
f075a300-00db-4021-bcd5-b256bfc9ed26,D1,litter_bin,Stainless Steel Box,-42.8826126605418,147.325892116783,real_public_reference
f1584508-2b1d-4285-9779-cb61096ac42b,D1,litter_bin,Dog Refuse Bag Dispenser,-42.889299112625,147.307343978463,real_public_reference
f1a63000-db88-47fc-80cd-51f3caca98ee,D1,litter_bin,Stainless Steel Box,-42.8653633398538,147.29547771355,real_public_reference
f1bfc267-2152-47f8-bc8d-cd6211cfe1fd,D1,litter_bin,Dog Refuse Bag Dispenser,-42.8716459241772,147.297070865499,real_public_reference
f1c95b19-e1dd-491a-9139-2b9b5180f171,D1,litter_bin,Stainless Steel Box,-42.8815319826705,147.327829262183,real_public_reference
f3adea91-cf7b-4cf8-a61f-68eca55fa24d,D1,litter_bin,Stainless Steel Box,-42.8865340937955,147.332672032347,real_public_reference
f3da9af0-0369-479f-847c-0d58c6973d47,D1,litter_bin,Dog Refuse Bag Dispenser,-42.8648938585646,147.278527475543,real_public_reference
f5f090d9-60d5-48de-8947-426a92ea27e5,D1,litter_bin,Dog Refuse Bag Dispenser,-42.8666998807677,147.322914738879,real_public_reference
f62061d3-e44f-4e91-a997-1a7b75c9d7c6,D1,litter_bin,Stainless Steel/Mod Wood,-42.9079489813448,147.291874007365,real_public_reference
f62276fe-3bee-4a39-b19b-8d3cbfc69f4f,D1,litter_bin,25lt Drop Plastic,-42.8899286845693,147.322476005539,real_public_reference
f6527fba-977d-4e52-a730-dea9cee383ca,D1,litter_bin,Stainless Steel Box,-42.8858894794342,147.322743441294,real_public_reference
f6604adf-5ff8-4b39-b4a4-b42a7fc0d82d,D1,litter_bin,120lt Cage General Waste,-42.8526696896405,147.297577540375,real_public_reference
f6f90f25-4d00-4685-875a-67f4a038ad73,D1,litter_bin,120lt Cage General Waste,-42.9222937088593,147.259464108258,real_public_reference
f854c2a1-8924-4419-bd6b-aabb12ee35ff,D1,litter_bin,25lt Drop Plastic,-42.9225339654464,147.288010114886,real_public_reference
f85f2813-4f1f-4513-9552-9a986c0f53fb,D1,litter_bin,Stainless Steel/Mod Wood,-42.8776001914475,147.331030936951,real_public_reference
f8673de2-d477-42d6-af0c-c9078db28a35,D1,litter_bin,Stainless Steel/Mod Wood,-42.8754207062101,147.335238651497,real_public_reference
f87b5e6c-95c4-4b99-a77c-30dd1ce8efb2,D1,litter_bin,Stainless Steel Box,-42.8842438504134,147.326283937661,real_public_reference
f8afbc63-675b-40b6-914a-b5f4fed780ee,D1,litter_bin,Stainless Steel Box,-42.8826630913387,147.328256237387,real_public_reference
f8b60de3-3b15-4ae2-a821-7abaa1f33b20,D1,litter_bin,Stainless Steel/Mod Wood,-42.9069955774352,147.296551187772,real_public_reference
f8b9c996-2737-43be-9f9b-9b78eddfcbaf,D1,litter_bin,Stainless Steel Box,-42.8833838414951,147.324758203106,real_public_reference
f900b0f6-9386-4271-bb6c-01b20888170c,D1,litter_bin,Stainless Steel Box,-42.8830366124341,147.326709162567,real_public_reference
f94a54aa-d5c7-4981-ace2-38a63ab84019,D1,litter_bin,Stainless Steel Box,-42.8846701302703,147.327840140267,real_public_reference
f99f100f-8a40-48b0-9834-e7de554e1fcd,D1,litter_bin,Stainless Steel/Mod Wood,-42.9108747317402,147.356482201454,real_public_reference
fa47eb17-3c74-44fb-8d05-b7f7f56dc76d,D1,litter_bin,120lt Cage General Waste,-42.8945666782334,147.309428021187,real_public_reference
fa4e531a-4560-463e-9c15-979bbaf36826,D1,litter_bin,120lt Cage General Waste,-42.8676006784763,147.325501494918,real_public_reference
fade9ca1-16b0-447e-a46f-c78e27048fed,D1,litter_bin,Stainless Steel Box,-42.8921261787863,147.319919848974,real_public_reference
fb2067f9-682f-475b-9056-5dd5cbb7d66e,D1,litter_bin,Stainless Steel Box,-42.8817939081221,147.328155220647,real_public_reference
fb2e90b6-357e-42ae-96af-0f02866796d1,D1,litter_bin,Stainless Steel Box,-42.8809240339365,147.329343437621,real_public_reference
fb481434-467d-44a0-b965-8219b6d9af31,D1,litter_bin,120lt Cage General Waste,-42.9137937799032,147.3596857198,real_public_reference
fb48973b-6364-47d0-b6c8-da96ee3dd172,D1,litter_bin,Stainless Steel Box,-42.8813163202355,147.325839855048,real_public_reference
fb6fe5ee-8ef0-4822-8ea3-07aa5e24bdd9,D1,litter_bin,Stainless Steel Box,-42.8823977379885,147.32972316186,real_public_reference
fc61645c-b36c-4551-910a-f32632baef7e,D1,litter_bin,120lt Doggie Bins,-42.8751479897346,147.306118989686,real_public_reference
fc891289-2773-4f3b-9aa8-3076c4879da8,D1,litter_bin,120lt Cage General Waste,-42.8634440977638,147.323377565386,real_public_reference
fc98afe9-9f2b-43b7-a62a-643ba70c87eb,D1,litter_bin,Stainless Steel/Mod Wood,-42.9129936392494,147.356756456963,real_public_reference
fcb52b85-45ce-402d-8524-7f03712c811e,D1,litter_bin,120lt Cage General Waste,-42.8676976863663,147.325146440286,real_public_reference
fcfd1143-e8f1-4b72-a575-9e016d991835,D1,litter_bin,120lt Cage General Waste,-42.8861956567659,147.330985330735,real_public_reference
fd037a24-e88f-47b1-8d7d-51ed28818a24,D1,litter_bin,Stainless Steel Box,-42.8849995851753,147.327156298188,real_public_reference
fd0e8824-212f-423e-935f-ef0ae3b8a469,D1,litter_bin,Stainless Steel Box,-42.8830229810382,147.331232447983,real_public_reference
fe6b295c-5488-4de2-8302-abb3d6f44334,D1,litter_bin,Stainless Steel Box,-42.8729861066015,147.31516874921,real_public_reference
fefe69d2-c938-4411-8bc8-e2b58fe4b9d4,D1,litter_bin,Stainless Steel/Mod Wood,-42.8682126928369,147.324349060551,real_public_reference
ff269990-5305-4473-b413-7681070bbb74,D1,litter_bin,Stainless Steel Box,-42.8865660314233,147.334228092363,real_public_reference
ff859ac1-4d18-4add-be03-efce048c31bd,D1,litter_bin,Stainless Steel Box,-42.8816691622321,147.32954432911,real_public_reference
ff8e8dca-7a5e-441c-b744-42477bc77c5a,D1,litter_bin,Dog Refuse Bag Dispenser,-42.8657452596079,147.279151711711,real_public_reference
ff918162-8c5e-432d-8b33-583940f9b55d,D1,litter_bin,25lt Drop Plastic,-42.9055943990402,147.296970962946,real_public_reference
ffab0594-0823-4234-bbc1-f34600cd25d2,D1,litter_bin,Stainless Steel Box,-42.8815144987034,147.32612214357,real_public_reference
