decision_key,ledger_event_key,source_key,date_key,occurred_at_utc,correlation_id,accountable_owner_id,policy_key,provider_key,environment_key,category_key,priority_code,category_confidence,gate_status,can_execute,human_review_required,proposed_action,coordinates_supplied,asset_key,asset_distance_metres,data_truth_class,review_state,current_review_action
9e43efab-0475-5541-96c4-dde79841379c,d0d6a1aa-d6cf-5939-b7ca-a668c87a7f01,D6,20250901,2025-09-01T09:00:00+00:00,synthetic-0001,owner:1,9161f77954b7ae4d7a0cd406876e458f0d2573b334e95178e3121769da74236d,e696d4fbf92346a6a7f25ce9abc17a7f431cd32976a57e13df7c83e9f986da78,local,waste_litter,P2,0.95,pass,1,0,create_draft_work_order,1,d3efe887-9624-46db-8418-f0ec53580d79,0.0,synthetic_operational,reviewed,override
22290104-16a8-5891-b802-24e1b6348e1c,526bcb9a-7ee0-54db-8701-f8ce6027b95c,D6,20250902,2025-09-02T09:00:00+00:00,synthetic-0002,owner:2,9161f77954b7ae4d7a0cd406876e458f0d2573b334e95178e3121769da74236d,e696d4fbf92346a6a7f25ce9abc17a7f431cd32976a57e13df7c83e9f986da78,local,waste_litter,P3,0.95,pass,1,0,create_draft_work_order,1,b501c2c5-dd5d-460b-a987-2c2b1aebfe5e,0.0,synthetic_operational,reviewed,accept
ed2ef7d3-7ba6-5136-88ac-d5ce6b52fcc5,a070e81c-121e-5c2e-8d48-7cf364852fe6,D6,20250903,2025-09-03T09:00:00+00:00,synthetic-0003,owner:3,9161f77954b7ae4d7a0cd406876e458f0d2573b334e95178e3121769da74236d,e696d4fbf92346a6a7f25ce9abc17a7f431cd32976a57e13df7c83e9f986da78,local,waste_litter,P3,0.95,reject,0,0,create_draft_work_order,0,,,synthetic_operational,pending,
669589fa-2b0d-53b9-a5fc-cbf56fd2fa7c,71000e47-fc3d-50a5-86d5-264278b91dfe,D6,20250904,2025-09-04T09:00:00+00:00,synthetic-0004,owner:4,9161f77954b7ae4d7a0cd406876e458f0d2573b334e95178e3121769da74236d,e696d4fbf92346a6a7f25ce9abc17a7f431cd32976a57e13df7c83e9f986da78,local,general_enquiry,P4,0.3,escalate,0,1,create_draft_work_order,0,,,synthetic_operational,reviewed,escalate
7845d69b-fa3f-5aab-94af-76389b96047f,96c4ff13-d1c0-50cf-9883-4bd70510951e,D6,20250905,2025-09-05T09:00:00+00:00,synthetic-0005,owner:5,9161f77954b7ae4d7a0cd406876e458f0d2573b334e95178e3121769da74236d,e696d4fbf92346a6a7f25ce9abc17a7f431cd32976a57e13df7c83e9f986da78,local,waste_litter,P3,0.95,escalate,0,1,create_draft_work_order,1,,,synthetic_operational,reviewed,escalate
ab5f7378-6302-546c-a3a9-d5060e44fc74,73fdea00-a4aa-546b-9ad0-840502eaa200,D6,20250906,2025-09-06T09:00:00+00:00,synthetic-0006,owner:1,9161f77954b7ae4d7a0cd406876e458f0d2573b334e95178e3121769da74236d,e696d4fbf92346a6a7f25ce9abc17a7f431cd32976a57e13df7c83e9f986da78,local,roads_footpaths,P2,0.82,escalate,0,0,create_draft_work_order,1,,,synthetic_operational,pending,
b725ecf8-4133-59fb-8fe4-ed112306de44,464b6deb-f52b-5beb-97d8-6f8a993faed6,D6,20250907,2025-09-07T09:00:00+00:00,synthetic-0007,owner:2,9161f77954b7ae4d7a0cd406876e458f0d2573b334e95178e3121769da74236d,e696d4fbf92346a6a7f25ce9abc17a7f431cd32976a57e13df7c83e9f986da78,local,waste_litter,P1,0.82,escalate,0,1,create_draft_work_order,1,722327ab-64e0-4522-8379-e4f3122bd3dc,0.0,synthetic_operational,reviewed,escalate
9118eec9-0a3e-5b1a-8344-cbed808e495d,f5699d30-f671-5015-b15a-aca48dc2e8d7,D6,20250908,2025-09-08T09:00:00+00:00,synthetic-0008,owner:3,9161f77954b7ae4d7a0cd406876e458f0d2573b334e95178e3121769da74236d,e696d4fbf92346a6a7f25ce9abc17a7f431cd32976a57e13df7c83e9f986da78,local,waste_litter,P3,0.95,pass,1,0,create_draft_work_order,1,525ea782-8ccd-4119-aec3-eac13303453b,0.0,synthetic_operational,reviewed,accept
952efd80-4e77-5be2-ad5f-0d63eb569b3f,0f621bbd-901b-5b4e-95c8-0cfdf12ac4bc,D6,20250909,2025-09-09T09:00:00+00:00,synthetic-0009,owner:4,9161f77954b7ae4d7a0cd406876e458f0d2573b334e95178e3121769da74236d,e696d4fbf92346a6a7f25ce9abc17a7f431cd32976a57e13df7c83e9f986da78,local,waste_litter,P3,0.95,pass,1,0,create_draft_work_order,1,fd0e8824-212f-423e-935f-ef0ae3b8a469,0.0,synthetic_operational,pending,
56050437-5edc-5150-8589-8a19b47c5091,922f6635-f25c-5e41-8986-7a9b5dc8e5b4,D6,20250910,2025-09-10T09:00:00+00:00,synthetic-0010,owner:5,9161f77954b7ae4d7a0cd406876e458f0d2573b334e95178e3121769da74236d,e696d4fbf92346a6a7f25ce9abc17a7f431cd32976a57e13df7c83e9f986da78,local,waste_litter,P2,0.95,reject,0,0,close_live_case,1,cea3ae20-f8cd-460a-9944-35b920eac196,0.0,synthetic_operational,reviewed,override
c2511f82-cd9b-54d3-b0e3-6e4cae3a4d53,e16c7ec9-1126-5fe7-b532-768643dcf527,D6,20250911,2025-09-11T09:00:00+00:00,synthetic-0011,owner:1,9161f77954b7ae4d7a0cd406876e458f0d2573b334e95178e3121769da74236d,e696d4fbf92346a6a7f25ce9abc17a7f431cd32976a57e13df7c83e9f986da78,local,waste_litter,P2,0.95,pass,1,0,create_draft_work_order,1,ad416889-ecbd-47d9-836a-6056087a49c0,0.0,synthetic_operational,reviewed,accept
c206e121-4dfc-5432-906b-1f682b04085a,a7fe47dd-194f-5cdf-be2b-72bbe58b361d,D6,20250912,2025-09-12T09:00:00+00:00,synthetic-0012,owner:2,9161f77954b7ae4d7a0cd406876e458f0d2573b334e95178e3121769da74236d,e696d4fbf92346a6a7f25ce9abc17a7f431cd32976a57e13df7c83e9f986da78,local,waste_litter,P3,0.95,pass,1,0,create_draft_work_order,1,f8afbc63-675b-40b6-914a-b5f4fed780ee,0.0,synthetic_operational,pending,
07d15838-d70e-5ca3-b6ac-534d72716a47,ad2ac48b-a219-5d63-b154-234be292ebe5,D6,20250913,2025-09-13T09:00:00+00:00,synthetic-0013,owner:3,9161f77954b7ae4d7a0cd406876e458f0d2573b334e95178e3121769da74236d,e696d4fbf92346a6a7f25ce9abc17a7f431cd32976a57e13df7c83e9f986da78,local,waste_litter,P3,0.95,reject,0,0,create_draft_work_order,0,,,synthetic_operational,reviewed,escalate
264520b4-bbd3-5032-9594-e56cc132eacf,0ad0915a-fcc6-5c45-a0a3-a573fbbd2919,D6,20250914,2025-09-14T09:00:00+00:00,synthetic-0014,owner:4,9161f77954b7ae4d7a0cd406876e458f0d2573b334e95178e3121769da74236d,e696d4fbf92346a6a7f25ce9abc17a7f431cd32976a57e13df7c83e9f986da78,local,general_enquiry,P4,0.3,escalate,0,1,create_draft_work_order,0,,,synthetic_operational,reviewed,override
56cfcf78-de9c-5b1d-98cc-7c041b0674be,19a07e59-d92e-504c-b877-cb3f2e2855c3,D6,20250915,2025-09-15T09:00:00+00:00,synthetic-0015,owner:5,9161f77954b7ae4d7a0cd406876e458f0d2573b334e95178e3121769da74236d,e696d4fbf92346a6a7f25ce9abc17a7f431cd32976a57e13df7c83e9f986da78,local,waste_litter,P3,0.95,escalate,0,1,create_draft_work_order,1,,,synthetic_operational,pending,
36b1a276-c98e-5891-b731-98f638aa4d82,195ffa7f-ddd6-585e-a3c7-8020e7235f07,D6,20251001,2025-10-01T09:00:00+00:00,synthetic-0016,owner:1,9161f77954b7ae4d7a0cd406876e458f0d2573b334e95178e3121769da74236d,e696d4fbf92346a6a7f25ce9abc17a7f431cd32976a57e13df7c83e9f986da78,local,roads_footpaths,P2,0.82,escalate,0,0,create_draft_work_order,1,,,synthetic_operational,reviewed,escalate
0a0fe53a-4a0b-561e-9d75-4391823766b5,f4f809d0-38ec-5dce-bd62-6234f18f3b83,D6,20251002,2025-10-02T09:00:00+00:00,synthetic-0017,owner:2,9161f77954b7ae4d7a0cd406876e458f0d2573b334e95178e3121769da74236d,e696d4fbf92346a6a7f25ce9abc17a7f431cd32976a57e13df7c83e9f986da78,local,waste_litter,P1,0.82,escalate,0,1,create_draft_work_order,1,32f22845-81dd-4080-ad6f-ed3c7c5162f3,0.0,synthetic_operational,reviewed,escalate
1c242e5b-1ccc-5ac1-9cff-c1774db4f26d,aadfc3d6-1d5f-5081-8dac-b41a7b9d93d6,D6,20251003,2025-10-03T09:00:00+00:00,synthetic-0018,owner:3,9161f77954b7ae4d7a0cd406876e458f0d2573b334e95178e3121769da74236d,e696d4fbf92346a6a7f25ce9abc17a7f431cd32976a57e13df7c83e9f986da78,local,waste_litter,P3,0.95,pass,1,0,create_draft_work_order,1,2b034f29-99f7-4331-bd2b-00720f4ef904,0.0,synthetic_operational,pending,
dd19eb5b-5195-59b0-a445-0e0207df8b36,fe9762ae-af8a-5600-9916-91030b80928d,D6,20251004,2025-10-04T09:00:00+00:00,synthetic-0019,owner:4,9161f77954b7ae4d7a0cd406876e458f0d2573b334e95178e3121769da74236d,e696d4fbf92346a6a7f25ce9abc17a7f431cd32976a57e13df7c83e9f986da78,local,waste_litter,P3,0.95,pass,1,0,create_draft_work_order,1,2d400334-a005-4438-b087-e6ddf0cc7cc7,0.0,synthetic_operational,reviewed,accept
eb8c8b1f-77f6-545c-9339-8643db116cca,bb485bc4-7959-5c28-8e87-45db171cc564,D6,20251005,2025-10-05T09:00:00+00:00,synthetic-0020,owner:5,9161f77954b7ae4d7a0cd406876e458f0d2573b334e95178e3121769da74236d,e696d4fbf92346a6a7f25ce9abc17a7f431cd32976a57e13df7c83e9f986da78,local,waste_litter,P2,0.95,reject,0,0,close_live_case,1,88fdacc9-e812-4461-bd60-4ac0b6127103,0.0,synthetic_operational,reviewed,escalate
9ae6c8c4-97fa-588b-af9a-f77cc5aa1ea4,ee926f7b-8a0f-5600-9450-0a11a3d38e53,D6,20251006,2025-10-06T09:00:00+00:00,synthetic-0021,owner:1,9161f77954b7ae4d7a0cd406876e458f0d2573b334e95178e3121769da74236d,e696d4fbf92346a6a7f25ce9abc17a7f431cd32976a57e13df7c83e9f986da78,local,waste_litter,P2,0.95,pass,1,0,create_draft_work_order,1,1c54c1a9-beb6-4d10-b80b-2e424352cda8,0.0,synthetic_operational,pending,
bd58cf64-2938-582f-87a3-80f88d08e141,7cbf8603-8fe7-5caf-8dda-a0ad1185b0a9,D6,20251007,2025-10-07T09:00:00+00:00,synthetic-0022,owner:2,9161f77954b7ae4d7a0cd406876e458f0d2573b334e95178e3121769da74236d,e696d4fbf92346a6a7f25ce9abc17a7f431cd32976a57e13df7c83e9f986da78,local,waste_litter,P3,0.95,pass,1,0,create_draft_work_order,1,ed33789a-ae70-4518-95e4-c9343f4e39e6,0.0,synthetic_operational,reviewed,accept
27327a92-a5af-5d11-a08f-aa7f994cd987,4f261468-5497-5730-a685-d814fc94caf5,D6,20251008,2025-10-08T09:00:00+00:00,synthetic-0023,owner:3,9161f77954b7ae4d7a0cd406876e458f0d2573b334e95178e3121769da74236d,e696d4fbf92346a6a7f25ce9abc17a7f431cd32976a57e13df7c83e9f986da78,local,waste_litter,P3,0.95,reject,0,0,create_draft_work_order,0,,,synthetic_operational,reviewed,escalate
c3bf9610-42bc-5b24-a694-8797753de076,d1b47338-5a0d-5604-b2da-fcc5a60deb0d,D6,20251009,2025-10-09T09:00:00+00:00,synthetic-0024,owner:4,9161f77954b7ae4d7a0cd406876e458f0d2573b334e95178e3121769da74236d,e696d4fbf92346a6a7f25ce9abc17a7f431cd32976a57e13df7c83e9f986da78,local,general_enquiry,P4,0.3,escalate,0,1,create_draft_work_order,0,,,synthetic_operational,pending,
43fc2cd0-f828-5378-a3ea-24e34c895783,c3ccd84b-fa47-51b5-9a6d-bb98efdfc268,D6,20251010,2025-10-10T09:00:00+00:00,synthetic-0025,owner:5,9161f77954b7ae4d7a0cd406876e458f0d2573b334e95178e3121769da74236d,e696d4fbf92346a6a7f25ce9abc17a7f431cd32976a57e13df7c83e9f986da78,local,waste_litter,P3,0.95,escalate,0,1,create_draft_work_order,1,,,synthetic_operational,reviewed,escalate
6090349a-b64a-5842-99bb-952b670114c4,13f75d5c-ee2e-5f99-95e3-511dbb1eac0c,D6,20251011,2025-10-11T09:00:00+00:00,synthetic-0026,owner:1,9161f77954b7ae4d7a0cd406876e458f0d2573b334e95178e3121769da74236d,e696d4fbf92346a6a7f25ce9abc17a7f431cd32976a57e13df7c83e9f986da78,local,roads_footpaths,P2,0.82,escalate,0,0,create_draft_work_order,1,,,synthetic_operational,reviewed,override
28d3a55e-9716-5882-a97d-297afeb257b2,d149e8b6-7be1-596a-961e-6fd5494a13b5,D6,20251012,2025-10-12T09:00:00+00:00,synthetic-0027,owner:2,9161f77954b7ae4d7a0cd406876e458f0d2573b334e95178e3121769da74236d,e696d4fbf92346a6a7f25ce9abc17a7f431cd32976a57e13df7c83e9f986da78,local,waste_litter,P1,0.82,escalate,0,1,create_draft_work_order,1,87804e3d-54ba-4f51-abcc-513c763c2411,0.0,synthetic_operational,pending,
37358cab-29e4-555e-9b03-6d62af3d0a85,be2d9820-7c11-5f0c-b380-53397d59ba98,D6,20251013,2025-10-13T09:00:00+00:00,synthetic-0028,owner:3,9161f77954b7ae4d7a0cd406876e458f0d2573b334e95178e3121769da74236d,e696d4fbf92346a6a7f25ce9abc17a7f431cd32976a57e13df7c83e9f986da78,local,waste_litter,P3,0.95,pass,1,0,create_draft_work_order,1,b7e431bd-eee3-4304-accd-31e7be90583c,0.0,synthetic_operational,reviewed,accept
c9624e31-67f6-59cf-a82c-31adb9597316,80b3b408-04ba-5663-af4f-a176832b78c0,D6,20251014,2025-10-14T09:00:00+00:00,synthetic-0029,owner:4,9161f77954b7ae4d7a0cd406876e458f0d2573b334e95178e3121769da74236d,e696d4fbf92346a6a7f25ce9abc17a7f431cd32976a57e13df7c83e9f986da78,local,waste_litter,P3,0.95,pass,1,0,create_draft_work_order,1,4f45c38d-fa98-464a-bb04-25f502487696,0.0,synthetic_operational,reviewed,accept
d76596ed-bb90-5ba9-878d-8e89cf509dae,16af0955-0611-550a-8e4d-2f0d65498e84,D6,20251015,2025-10-15T09:00:00+00:00,synthetic-0030,owner:5,9161f77954b7ae4d7a0cd406876e458f0d2573b334e95178e3121769da74236d,e696d4fbf92346a6a7f25ce9abc17a7f431cd32976a57e13df7c83e9f986da78,local,waste_litter,P2,0.95,reject,0,0,close_live_case,1,571b15e6-8671-4be5-aa67-00abdd29b3ad,0.0,synthetic_operational,pending,
6b8f9668-56a1-564c-ad7b-c3343de733ae,39647a17-aad7-5ce4-9023-83c1ffb4bc37,D6,20251101,2025-11-01T09:00:00+00:00,synthetic-0031,owner:1,9161f77954b7ae4d7a0cd406876e458f0d2573b334e95178e3121769da74236d,e696d4fbf92346a6a7f25ce9abc17a7f431cd32976a57e13df7c83e9f986da78,local,waste_litter,P2,0.95,pass,1,0,create_draft_work_order,1,198876b9-be3c-4749-8b3c-1232cbf6745b,0.0,synthetic_operational,reviewed,accept
2d9f2997-9f5b-5548-b689-5a03fcd1f71f,f2ba6846-d1df-5ef5-be1f-63090774d09b,D6,20251102,2025-11-02T09:00:00+00:00,synthetic-0032,owner:2,9161f77954b7ae4d7a0cd406876e458f0d2573b334e95178e3121769da74236d,e696d4fbf92346a6a7f25ce9abc17a7f431cd32976a57e13df7c83e9f986da78,local,waste_litter,P3,0.95,pass,1,0,create_draft_work_order,1,702a9253-de7b-4d17-af87-0bd4c794a0fd,0.0,synthetic_operational,reviewed,accept
2384c144-9418-54e2-b998-28d50759119a,07f07ff4-8c76-50f5-a775-f0410c47284a,D6,20251103,2025-11-03T09:00:00+00:00,synthetic-0033,owner:3,9161f77954b7ae4d7a0cd406876e458f0d2573b334e95178e3121769da74236d,e696d4fbf92346a6a7f25ce9abc17a7f431cd32976a57e13df7c83e9f986da78,local,waste_litter,P3,0.95,reject,0,0,create_draft_work_order,0,,,synthetic_operational,pending,
68a9a94c-0df3-574a-bca5-a4a9d05d3c5b,66e3999e-120f-55c9-80f5-6c83f5e393d3,D6,20251104,2025-11-04T09:00:00+00:00,synthetic-0034,owner:4,9161f77954b7ae4d7a0cd406876e458f0d2573b334e95178e3121769da74236d,e696d4fbf92346a6a7f25ce9abc17a7f431cd32976a57e13df7c83e9f986da78,local,general_enquiry,P4,0.3,escalate,0,1,create_draft_work_order,0,,,synthetic_operational,reviewed,override
d7e55b5c-9501-5c44-8c8f-ec17bfec6780,ab7fdcf7-34ba-54c1-b6d9-6b0660e6fd83,D6,20251105,2025-11-05T09:00:00+00:00,synthetic-0035,owner:5,9161f77954b7ae4d7a0cd406876e458f0d2573b334e95178e3121769da74236d,e696d4fbf92346a6a7f25ce9abc17a7f431cd32976a57e13df7c83e9f986da78,local,waste_litter,P3,0.95,escalate,0,1,create_draft_work_order,1,,,synthetic_operational,reviewed,escalate
67d7aeb8-84e3-5b49-9952-070269f42914,e344662f-9211-50cd-b67c-88a01edc2360,D6,20251106,2025-11-06T09:00:00+00:00,synthetic-0036,owner:1,9161f77954b7ae4d7a0cd406876e458f0d2573b334e95178e3121769da74236d,e696d4fbf92346a6a7f25ce9abc17a7f431cd32976a57e13df7c83e9f986da78,local,roads_footpaths,P2,0.82,escalate,0,0,create_draft_work_order,1,,,synthetic_operational,pending,
dc207cbf-c101-5283-86ba-ea03f186305c,4fcc8a12-a175-5ce4-b88a-fbec41e3d255,D6,20251107,2025-11-07T09:00:00+00:00,synthetic-0037,owner:2,9161f77954b7ae4d7a0cd406876e458f0d2573b334e95178e3121769da74236d,e696d4fbf92346a6a7f25ce9abc17a7f431cd32976a57e13df7c83e9f986da78,local,waste_litter,P1,0.82,escalate,0,1,create_draft_work_order,1,63414ae0-680a-42e4-82c8-4e11eee04105,0.0,synthetic_operational,reviewed,escalate
c2d918e5-6c80-527a-a675-2572b3308cbf,cd0fd1cd-20c4-5d6d-bc4d-ef4a6adbaa07,D6,20251108,2025-11-08T09:00:00+00:00,synthetic-0038,owner:3,9161f77954b7ae4d7a0cd406876e458f0d2573b334e95178e3121769da74236d,e696d4fbf92346a6a7f25ce9abc17a7f431cd32976a57e13df7c83e9f986da78,local,waste_litter,P3,0.95,pass,1,0,create_draft_work_order,1,885c927a-cab4-4ac1-b721-838980f7abbb,0.0,synthetic_operational,reviewed,accept
fa2f6bf5-5f2f-5c64-ae5f-b4686736a7a3,569ce72c-13fd-53c0-9323-d87a07a48b1e,D6,20251109,2025-11-09T09:00:00+00:00,synthetic-0039,owner:4,9161f77954b7ae4d7a0cd406876e458f0d2573b334e95178e3121769da74236d,e696d4fbf92346a6a7f25ce9abc17a7f431cd32976a57e13df7c83e9f986da78,local,waste_litter,P3,0.95,pass,1,0,create_draft_work_order,1,36f7b092-6f18-4846-bcab-311b36dbc676,0.0,synthetic_operational,pending,
ae0ce0e8-5a8c-5fbe-a424-48e92895cd77,d98ff4c8-1e54-5f13-8576-4dce69e2d9be,D6,20251110,2025-11-10T09:00:00+00:00,synthetic-0040,owner:5,9161f77954b7ae4d7a0cd406876e458f0d2573b334e95178e3121769da74236d,e696d4fbf92346a6a7f25ce9abc17a7f431cd32976a57e13df7c83e9f986da78,local,waste_litter,P2,0.95,reject,0,0,close_live_case,1,78c6a35a-4649-48e3-9842-09de1f20d54a,0.0,synthetic_operational,reviewed,escalate
90265ca7-693c-5758-9093-ea221148d192,7337da00-2f2d-56b8-be70-0d616ec623e2,D6,20251111,2025-11-11T09:00:00+00:00,synthetic-0041,owner:1,9161f77954b7ae4d7a0cd406876e458f0d2573b334e95178e3121769da74236d,e696d4fbf92346a6a7f25ce9abc17a7f431cd32976a57e13df7c83e9f986da78,local,waste_litter,P2,0.95,pass,1,0,create_draft_work_order,1,81fb910b-3eda-4d71-bb76-3f9da4f935f4,0.0,synthetic_operational,reviewed,override
9f577c1a-b689-5fc0-90ee-ffa791f5b8ea,91d3b6f3-998c-50af-8896-1110d2a8cdbb,D6,20251112,2025-11-12T09:00:00+00:00,synthetic-0042,owner:2,9161f77954b7ae4d7a0cd406876e458f0d2573b334e95178e3121769da74236d,e696d4fbf92346a6a7f25ce9abc17a7f431cd32976a57e13df7c83e9f986da78,local,waste_litter,P3,0.95,pass,1,0,create_draft_work_order,1,f8b60de3-3b15-4ae2-a821-7abaa1f33b20,0.0,synthetic_operational,pending,
e524cc85-eb26-56df-b461-282218251e08,2fd8227b-b69d-5275-a6a4-fc1b45d00d82,D6,20251113,2025-11-13T09:00:00+00:00,synthetic-0043,owner:3,9161f77954b7ae4d7a0cd406876e458f0d2573b334e95178e3121769da74236d,e696d4fbf92346a6a7f25ce9abc17a7f431cd32976a57e13df7c83e9f986da78,local,waste_litter,P3,0.95,reject,0,0,create_draft_work_order,0,,,synthetic_operational,reviewed,escalate
45b776f1-4d72-54e6-9593-d4a230e1a8b0,24685f81-c152-5586-aea0-e4c1ade86f90,D6,20251114,2025-11-14T09:00:00+00:00,synthetic-0044,owner:4,9161f77954b7ae4d7a0cd406876e458f0d2573b334e95178e3121769da74236d,e696d4fbf92346a6a7f25ce9abc17a7f431cd32976a57e13df7c83e9f986da78,local,general_enquiry,P4,0.3,escalate,0,1,create_draft_work_order,0,,,synthetic_operational,reviewed,escalate
3ec8ceb4-45a9-5090-a68b-2a073023f596,1e61423e-f798-57db-8744-f0e599bf1730,D6,20251115,2025-11-15T09:00:00+00:00,synthetic-0045,owner:5,9161f77954b7ae4d7a0cd406876e458f0d2573b334e95178e3121769da74236d,e696d4fbf92346a6a7f25ce9abc17a7f431cd32976a57e13df7c83e9f986da78,local,waste_litter,P3,0.95,escalate,0,1,create_draft_work_order,1,,,synthetic_operational,pending,
bfc7bf0b-da35-581d-bd90-f1e0d140e13e,7e404b15-6c11-5411-94ef-595fb8ac8491,D6,20251201,2025-12-01T09:00:00+00:00,synthetic-0046,owner:1,9161f77954b7ae4d7a0cd406876e458f0d2573b334e95178e3121769da74236d,e696d4fbf92346a6a7f25ce9abc17a7f431cd32976a57e13df7c83e9f986da78,local,roads_footpaths,P2,0.82,escalate,0,0,create_draft_work_order,1,,,synthetic_operational,reviewed,override
56287be5-fe26-5cf5-bbe4-af308353ad8b,d65fdf51-7f0b-50ba-9e28-d91f158426f0,D6,20251202,2025-12-02T09:00:00+00:00,synthetic-0047,owner:2,9161f77954b7ae4d7a0cd406876e458f0d2573b334e95178e3121769da74236d,e696d4fbf92346a6a7f25ce9abc17a7f431cd32976a57e13df7c83e9f986da78,local,waste_litter,P1,0.82,escalate,0,1,create_draft_work_order,1,05f62b01-62d2-4e78-a021-5573b26d73d1,0.0,synthetic_operational,reviewed,escalate
76289bc9-cdb7-5835-9d85-79134ff49f20,c6ec54ed-e2b0-5a2f-99ae-411eb916234b,D6,20251203,2025-12-03T09:00:00+00:00,synthetic-0048,owner:3,9161f77954b7ae4d7a0cd406876e458f0d2573b334e95178e3121769da74236d,e696d4fbf92346a6a7f25ce9abc17a7f431cd32976a57e13df7c83e9f986da78,local,waste_litter,P3,0.95,pass,1,0,create_draft_work_order,1,0faf65a9-1f20-4ffa-bc73-018c91506214,0.0,synthetic_operational,pending,
2d35be46-cda7-57e3-bf3a-7e7504b21119,760d58d6-8048-5f42-8678-0fb30f10f756,D6,20251204,2025-12-04T09:00:00+00:00,synthetic-0049,owner:4,9161f77954b7ae4d7a0cd406876e458f0d2573b334e95178e3121769da74236d,e696d4fbf92346a6a7f25ce9abc17a7f431cd32976a57e13df7c83e9f986da78,local,waste_litter,P3,0.95,pass,1,0,create_draft_work_order,1,54c05463-353f-4982-8dae-8ed7416c5f2c,0.0,synthetic_operational,reviewed,override
d748acb8-201c-57c2-a2f6-80ad7e59a95f,dcf7615a-8b6b-587f-80d0-1cf8420ccde6,D6,20251205,2025-12-05T09:00:00+00:00,synthetic-0050,owner:5,9161f77954b7ae4d7a0cd406876e458f0d2573b334e95178e3121769da74236d,e696d4fbf92346a6a7f25ce9abc17a7f431cd32976a57e13df7c83e9f986da78,local,waste_litter,P2,0.95,reject,0,0,close_live_case,1,3c293511-8ea4-43a2-800e-fe26cb03d484,0.0,synthetic_operational,reviewed,override
f3eb5fd1-b26d-566e-a8ce-37dd5fcb9fae,ecc54a32-f8da-5e22-bb3a-d8c9d3fac2e8,D6,20251206,2025-12-06T09:00:00+00:00,synthetic-0051,owner:1,9161f77954b7ae4d7a0cd406876e458f0d2573b334e95178e3121769da74236d,e696d4fbf92346a6a7f25ce9abc17a7f431cd32976a57e13df7c83e9f986da78,local,waste_litter,P2,0.95,pass,1,0,create_draft_work_order,1,40e82d26-257b-412c-9f95-7d2dc132ff45,0.0,synthetic_operational,pending,
439515c3-7372-5d37-81aa-e165eabd5725,750cca92-a1f0-5d28-a683-fd8d8fbd34c0,D6,20251207,2025-12-07T09:00:00+00:00,synthetic-0052,owner:2,9161f77954b7ae4d7a0cd406876e458f0d2573b334e95178e3121769da74236d,e696d4fbf92346a6a7f25ce9abc17a7f431cd32976a57e13df7c83e9f986da78,local,waste_litter,P3,0.95,pass,1,0,create_draft_work_order,1,d8d62880-b526-4e99-a512-3f1d9188c0b6,0.0,synthetic_operational,reviewed,accept
95ed47f4-f044-5f4e-8e95-160a7f745a07,b075834d-cc2c-52fa-be10-a19ad421ae19,D6,20251208,2025-12-08T09:00:00+00:00,synthetic-0053,owner:3,9161f77954b7ae4d7a0cd406876e458f0d2573b334e95178e3121769da74236d,e696d4fbf92346a6a7f25ce9abc17a7f431cd32976a57e13df7c83e9f986da78,local,waste_litter,P3,0.95,reject,0,0,create_draft_work_order,0,,,synthetic_operational,reviewed,escalate
c70731e7-453b-588f-a0d2-2d51e012f08d,ff7afc6c-a992-5080-ad32-c6322ecb08d1,D6,20251209,2025-12-09T09:00:00+00:00,synthetic-0054,owner:4,9161f77954b7ae4d7a0cd406876e458f0d2573b334e95178e3121769da74236d,e696d4fbf92346a6a7f25ce9abc17a7f431cd32976a57e13df7c83e9f986da78,local,general_enquiry,P4,0.3,escalate,0,1,create_draft_work_order,0,,,synthetic_operational,pending,
63c87b3f-5be4-5597-a9f7-e492bc529d25,a9d71687-b654-5f15-9b54-b82ce019f8b5,D6,20251210,2025-12-10T09:00:00+00:00,synthetic-0055,owner:5,9161f77954b7ae4d7a0cd406876e458f0d2573b334e95178e3121769da74236d,e696d4fbf92346a6a7f25ce9abc17a7f431cd32976a57e13df7c83e9f986da78,local,waste_litter,P3,0.95,escalate,0,1,create_draft_work_order,1,,,synthetic_operational,reviewed,escalate
871958cb-a828-5aaf-93fe-fbbdb2f0a4ab,b31c4263-be24-57b3-8537-97a94e3e70b2,D6,20251211,2025-12-11T09:00:00+00:00,synthetic-0056,owner:1,9161f77954b7ae4d7a0cd406876e458f0d2573b334e95178e3121769da74236d,e696d4fbf92346a6a7f25ce9abc17a7f431cd32976a57e13df7c83e9f986da78,local,roads_footpaths,P2,0.82,escalate,0,0,create_draft_work_order,1,,,synthetic_operational,reviewed,escalate
88ff155f-cd6d-58f9-a553-212c85244c68,f15eccf5-7734-5303-b1ca-79af2d5d5669,D6,20251212,2025-12-12T09:00:00+00:00,synthetic-0057,owner:2,9161f77954b7ae4d7a0cd406876e458f0d2573b334e95178e3121769da74236d,e696d4fbf92346a6a7f25ce9abc17a7f431cd32976a57e13df7c83e9f986da78,local,waste_litter,P1,0.82,escalate,0,1,create_draft_work_order,1,f8b9c996-2737-43be-9f9b-9b78eddfcbaf,0.0,synthetic_operational,pending,
4ec24f42-8180-582d-8512-8ca5a7be818e,56adb423-d842-57e3-beeb-05c80caefb5a,D6,20251213,2025-12-13T09:00:00+00:00,synthetic-0058,owner:3,9161f77954b7ae4d7a0cd406876e458f0d2573b334e95178e3121769da74236d,e696d4fbf92346a6a7f25ce9abc17a7f431cd32976a57e13df7c83e9f986da78,local,waste_litter,P3,0.95,pass,1,0,create_draft_work_order,1,aaaf72f3-2cad-4935-98aa-6e857c45c885,0.0,synthetic_operational,reviewed,accept
8a0c1424-8ecd-5ac8-8203-e79a23eee2fe,e02542fc-ff4c-55a9-9ef2-619f9a975063,D6,20251214,2025-12-14T09:00:00+00:00,synthetic-0059,owner:4,9161f77954b7ae4d7a0cd406876e458f0d2573b334e95178e3121769da74236d,e696d4fbf92346a6a7f25ce9abc17a7f431cd32976a57e13df7c83e9f986da78,local,waste_litter,P3,0.95,pass,1,0,create_draft_work_order,1,beae9edc-8c5e-4b62-a0d8-c604671b870d,0.0,synthetic_operational,reviewed,accept
207dd809-7353-5e34-adc2-a8c0b71ad951,549dcffb-905b-5eaf-a757-3edd1848a8c5,D6,20251215,2025-12-15T09:00:00+00:00,synthetic-0060,owner:5,9161f77954b7ae4d7a0cd406876e458f0d2573b334e95178e3121769da74236d,e696d4fbf92346a6a7f25ce9abc17a7f431cd32976a57e13df7c83e9f986da78,local,waste_litter,P2,0.95,reject,0,0,close_live_case,1,ff269990-5305-4473-b413-7681070bbb74,0.0,synthetic_operational,pending,
f4c5ebf8-3d79-5b1e-8823-6d95ab9bbf5d,6c2c73c6-3f30-5b12-ac3f-ca2297f3b779,D6,20260101,2026-01-01T09:00:00+00:00,synthetic-0061,owner:1,9161f77954b7ae4d7a0cd406876e458f0d2573b334e95178e3121769da74236d,e696d4fbf92346a6a7f25ce9abc17a7f431cd32976a57e13df7c83e9f986da78,local,waste_litter,P2,0.95,pass,1,0,create_draft_work_order,1,21a106f1-cb0b-4257-9f3c-416f10202f4c,0.0,synthetic_operational,reviewed,accept
259dd7fd-2f69-554b-857f-723226a237ff,83ccc6bd-01a7-5fb7-8dda-262faec5ca0b,D6,20260102,2026-01-02T09:00:00+00:00,synthetic-0062,owner:2,9161f77954b7ae4d7a0cd406876e458f0d2573b334e95178e3121769da74236d,e696d4fbf92346a6a7f25ce9abc17a7f431cd32976a57e13df7c83e9f986da78,local,waste_litter,P3,0.95,pass,1,0,create_draft_work_order,1,719e9747-e7af-49c8-b1d5-fa87f7e0f77c,0.0,synthetic_operational,reviewed,accept
3d1b6249-6822-555b-a031-cc9e779cf6c7,4f0dc7e0-83c7-5034-9dac-f7d158a18076,D6,20260103,2026-01-03T09:00:00+00:00,synthetic-0063,owner:3,9161f77954b7ae4d7a0cd406876e458f0d2573b334e95178e3121769da74236d,e696d4fbf92346a6a7f25ce9abc17a7f431cd32976a57e13df7c83e9f986da78,local,waste_litter,P3,0.95,reject,0,0,create_draft_work_order,0,,,synthetic_operational,pending,
f2a57f51-af2a-5274-8345-0a9d313fb42a,0d10f509-e7ab-5b2a-a597-f8c7d2cf3089,D6,20260104,2026-01-04T09:00:00+00:00,synthetic-0064,owner:4,9161f77954b7ae4d7a0cd406876e458f0d2573b334e95178e3121769da74236d,e696d4fbf92346a6a7f25ce9abc17a7f431cd32976a57e13df7c83e9f986da78,local,general_enquiry,P4,0.3,escalate,0,1,create_draft_work_order,0,,,synthetic_operational,reviewed,escalate
67bb6c8b-37b1-5bc5-b423-74b63126dddd,60be90a1-d018-5f5a-a431-b73ece31379c,D6,20260105,2026-01-05T09:00:00+00:00,synthetic-0065,owner:5,9161f77954b7ae4d7a0cd406876e458f0d2573b334e95178e3121769da74236d,e696d4fbf92346a6a7f25ce9abc17a7f431cd32976a57e13df7c83e9f986da78,local,waste_litter,P3,0.95,escalate,0,1,create_draft_work_order,1,,,synthetic_operational,reviewed,escalate
016dba01-9bf0-540e-a82e-838b97ae1cbb,bb9c9473-c6f6-5e10-8554-60d5c7998da1,D6,20260106,2026-01-06T09:00:00+00:00,synthetic-0066,owner:1,9161f77954b7ae4d7a0cd406876e458f0d2573b334e95178e3121769da74236d,e696d4fbf92346a6a7f25ce9abc17a7f431cd32976a57e13df7c83e9f986da78,local,roads_footpaths,P2,0.82,escalate,0,0,create_draft_work_order,1,,,synthetic_operational,pending,
d4d19eed-b396-5a4c-9121-ee52805d55c3,d1095721-1ae3-5008-868e-940760e9ab11,D6,20260107,2026-01-07T09:00:00+00:00,synthetic-0067,owner:2,9161f77954b7ae4d7a0cd406876e458f0d2573b334e95178e3121769da74236d,e696d4fbf92346a6a7f25ce9abc17a7f431cd32976a57e13df7c83e9f986da78,local,waste_litter,P1,0.82,escalate,0,1,create_draft_work_order,1,e63cb5b4-5540-48fb-8ad4-178914c24bb0,0.0,synthetic_operational,reviewed,escalate
9a688ff5-963c-51e9-8a96-f252bc9a0dca,85095074-5636-5b34-b43e-50b57289ae16,D6,20260108,2026-01-08T09:00:00+00:00,synthetic-0068,owner:3,9161f77954b7ae4d7a0cd406876e458f0d2573b334e95178e3121769da74236d,e696d4fbf92346a6a7f25ce9abc17a7f431cd32976a57e13df7c83e9f986da78,local,waste_litter,P3,0.95,pass,1,0,create_draft_work_order,1,fb481434-467d-44a0-b965-8219b6d9af31,0.0,synthetic_operational,reviewed,accept
eed11574-8542-5d7b-a35a-23f6944ccaba,9cf4a0b7-4017-5a95-bf38-2cb1b94e2ed2,D6,20260109,2026-01-09T09:00:00+00:00,synthetic-0069,owner:4,9161f77954b7ae4d7a0cd406876e458f0d2573b334e95178e3121769da74236d,e696d4fbf92346a6a7f25ce9abc17a7f431cd32976a57e13df7c83e9f986da78,local,waste_litter,P3,0.95,pass,1,0,create_draft_work_order,1,ed2eb8bf-0458-4ff4-aa4b-3514aebe805d,0.0,synthetic_operational,pending,
5927b6ce-a954-5798-9d84-1f4e59474a74,b0bc85f3-43eb-560e-ae92-e55b93b9df4f,D6,20260110,2026-01-10T09:00:00+00:00,synthetic-0070,owner:5,9161f77954b7ae4d7a0cd406876e458f0d2573b334e95178e3121769da74236d,e696d4fbf92346a6a7f25ce9abc17a7f431cd32976a57e13df7c83e9f986da78,local,waste_litter,P2,0.95,reject,0,0,close_live_case,1,27721c36-d4c5-493c-928b-6c624a391677,0.0,synthetic_operational,reviewed,override
1f078d91-1531-5688-8c87-0c8b25456b88,ccf7d7e6-3ac9-5a5c-93a2-5aadc73c3645,D6,20260111,2026-01-11T09:00:00+00:00,synthetic-0071,owner:1,9161f77954b7ae4d7a0cd406876e458f0d2573b334e95178e3121769da74236d,e696d4fbf92346a6a7f25ce9abc17a7f431cd32976a57e13df7c83e9f986da78,local,waste_litter,P2,0.95,pass,1,0,create_draft_work_order,1,9de8fad7-6add-41a6-b228-1113dc5dd1ea,0.0,synthetic_operational,reviewed,accept
054bab1f-3c1e-516b-b07b-614c186b289e,831832cb-a41c-59ab-9ebf-a29c59f3b8b4,D6,20260112,2026-01-12T09:00:00+00:00,synthetic-0072,owner:2,9161f77954b7ae4d7a0cd406876e458f0d2573b334e95178e3121769da74236d,e696d4fbf92346a6a7f25ce9abc17a7f431cd32976a57e13df7c83e9f986da78,local,waste_litter,P3,0.95,pass,1,0,create_draft_work_order,1,7fb11c29-3819-4c68-a1a1-e321877374cd,0.0,synthetic_operational,pending,
0e2804e9-f762-5248-b5b9-4f1ee23f784d,c4721ef9-f511-5046-bafd-710b3e94f14b,D6,20260113,2026-01-13T09:00:00+00:00,synthetic-0073,owner:3,9161f77954b7ae4d7a0cd406876e458f0d2573b334e95178e3121769da74236d,e696d4fbf92346a6a7f25ce9abc17a7f431cd32976a57e13df7c83e9f986da78,local,waste_litter,P3,0.95,reject,0,0,create_draft_work_order,0,,,synthetic_operational,reviewed,escalate
0972f068-4ca6-5af2-b73f-6ea13924e266,2ddd440c-aa98-5e47-b183-ddbfe3495c99,D6,20260114,2026-01-14T09:00:00+00:00,synthetic-0074,owner:4,9161f77954b7ae4d7a0cd406876e458f0d2573b334e95178e3121769da74236d,e696d4fbf92346a6a7f25ce9abc17a7f431cd32976a57e13df7c83e9f986da78,local,general_enquiry,P4,0.3,escalate,0,1,create_draft_work_order,0,,,synthetic_operational,reviewed,override
55df56d1-144d-55b3-a40a-a9e898264b07,85d8d13e-53cd-5b88-94b1-f8ca73b67321,D6,20260115,2026-01-15T09:00:00+00:00,synthetic-0075,owner:5,9161f77954b7ae4d7a0cd406876e458f0d2573b334e95178e3121769da74236d,e696d4fbf92346a6a7f25ce9abc17a7f431cd32976a57e13df7c83e9f986da78,local,waste_litter,P3,0.95,escalate,0,1,create_draft_work_order,1,,,synthetic_operational,pending,
01100ae0-c108-5852-b0d0-6041497fb44a,f45111c0-931d-510d-89c7-fd3cb13efbc1,D6,20260201,2026-02-01T09:00:00+00:00,synthetic-0076,owner:1,9161f77954b7ae4d7a0cd406876e458f0d2573b334e95178e3121769da74236d,e696d4fbf92346a6a7f25ce9abc17a7f431cd32976a57e13df7c83e9f986da78,local,roads_footpaths,P2,0.82,escalate,0,0,create_draft_work_order,1,,,synthetic_operational,reviewed,escalate
cbcc59c8-7ce8-55f0-849a-d4e894972e40,d9cc9ea6-6e84-5518-96e8-f08b5d41db0c,D6,20260202,2026-02-02T09:00:00+00:00,synthetic-0077,owner:2,9161f77954b7ae4d7a0cd406876e458f0d2573b334e95178e3121769da74236d,e696d4fbf92346a6a7f25ce9abc17a7f431cd32976a57e13df7c83e9f986da78,local,waste_litter,P1,0.82,escalate,0,1,create_draft_work_order,1,57055177-b158-43a6-9bad-ea3be68f0f68,0.0,synthetic_operational,reviewed,escalate
e4eb9483-4696-5f1f-bb16-edc5def9d6e7,529f0480-0df4-51f6-80c0-6e7654b887b1,D6,20260203,2026-02-03T09:00:00+00:00,synthetic-0078,owner:3,9161f77954b7ae4d7a0cd406876e458f0d2573b334e95178e3121769da74236d,e696d4fbf92346a6a7f25ce9abc17a7f431cd32976a57e13df7c83e9f986da78,local,waste_litter,P3,0.95,pass,1,0,create_draft_work_order,1,7a211365-abf1-43d7-94e4-af7af5b4d1d3,0.0,synthetic_operational,pending,
6aa1b56d-fe59-5a9a-80a1-25a2b67deba7,bf2b5562-547f-5941-a26b-0ffd0bd0c82d,D6,20260204,2026-02-04T09:00:00+00:00,synthetic-0079,owner:4,9161f77954b7ae4d7a0cd406876e458f0d2573b334e95178e3121769da74236d,e696d4fbf92346a6a7f25ce9abc17a7f431cd32976a57e13df7c83e9f986da78,local,waste_litter,P3,0.95,pass,1,0,create_draft_work_order,1,2115c97a-a125-4a5d-9dbe-537dc3442dee,0.0,synthetic_operational,reviewed,accept
fc9c4ecd-c785-55c7-9bd2-7c786dc8e80c,918f49a5-2a3d-54ac-845f-1b8260303db9,D6,20260205,2026-02-05T09:00:00+00:00,synthetic-0080,owner:5,9161f77954b7ae4d7a0cd406876e458f0d2573b334e95178e3121769da74236d,e696d4fbf92346a6a7f25ce9abc17a7f431cd32976a57e13df7c83e9f986da78,local,waste_litter,P2,0.95,reject,0,0,close_live_case,1,ea59d951-0d42-4cd0-a057-5a194e712340,0.0,synthetic_operational,reviewed,escalate
021752a4-fbc8-5ab7-96b4-15d382c38a4a,e6878dac-66b3-504c-9f01-ac991d8972b3,D6,20260206,2026-02-06T09:00:00+00:00,synthetic-0081,owner:1,9161f77954b7ae4d7a0cd406876e458f0d2573b334e95178e3121769da74236d,e696d4fbf92346a6a7f25ce9abc17a7f431cd32976a57e13df7c83e9f986da78,local,waste_litter,P2,0.95,pass,1,0,create_draft_work_order,1,0a04b503-47a1-4952-a89c-f1b2717393e9,0.0,synthetic_operational,pending,
23f0f478-ee4e-5abd-9e69-3163d6bba094,3e1d2d11-bd51-5579-95c8-f06029f15f88,D6,20260207,2026-02-07T09:00:00+00:00,synthetic-0082,owner:2,9161f77954b7ae4d7a0cd406876e458f0d2573b334e95178e3121769da74236d,e696d4fbf92346a6a7f25ce9abc17a7f431cd32976a57e13df7c83e9f986da78,local,waste_litter,P3,0.95,pass,1,0,create_draft_work_order,1,e9545e0e-aa0d-4ec2-87bc-0b91c9ff90e0,0.0,synthetic_operational,reviewed,accept
825a41e4-f00d-529b-8b04-648116ccfdf2,7f4c669e-9c69-5f94-9a09-d83fce383b45,D6,20260208,2026-02-08T09:00:00+00:00,synthetic-0083,owner:3,9161f77954b7ae4d7a0cd406876e458f0d2573b334e95178e3121769da74236d,e696d4fbf92346a6a7f25ce9abc17a7f431cd32976a57e13df7c83e9f986da78,local,waste_litter,P3,0.95,reject,0,0,create_draft_work_order,0,,,synthetic_operational,reviewed,escalate
89124132-ec2e-577e-a8d3-3e89756c726f,cd58132d-1c66-58f9-8afe-7666409245ae,D6,20260209,2026-02-09T09:00:00+00:00,synthetic-0084,owner:4,9161f77954b7ae4d7a0cd406876e458f0d2573b334e95178e3121769da74236d,e696d4fbf92346a6a7f25ce9abc17a7f431cd32976a57e13df7c83e9f986da78,local,general_enquiry,P4,0.3,escalate,0,1,create_draft_work_order,0,,,synthetic_operational,pending,
e16841c6-b8c8-5f62-99c1-305c3fecf549,6ab26355-b286-586e-940f-843ff8f89ec4,D6,20260210,2026-02-10T09:00:00+00:00,synthetic-0085,owner:5,9161f77954b7ae4d7a0cd406876e458f0d2573b334e95178e3121769da74236d,e696d4fbf92346a6a7f25ce9abc17a7f431cd32976a57e13df7c83e9f986da78,local,waste_litter,P3,0.95,escalate,0,1,create_draft_work_order,1,,,synthetic_operational,reviewed,escalate
7218721e-8f27-52da-a58d-8e96983bc785,814d48cc-474e-591c-9088-57abdb32f072,D6,20260211,2026-02-11T09:00:00+00:00,synthetic-0086,owner:1,9161f77954b7ae4d7a0cd406876e458f0d2573b334e95178e3121769da74236d,e696d4fbf92346a6a7f25ce9abc17a7f431cd32976a57e13df7c83e9f986da78,local,roads_footpaths,P2,0.82,escalate,0,0,create_draft_work_order,1,,,synthetic_operational,reviewed,override
145d47ef-5287-5027-81a2-968c1e5d4649,72628a0a-e671-5de8-bf91-f58aad520a9b,D6,20260212,2026-02-12T09:00:00+00:00,synthetic-0087,owner:2,9161f77954b7ae4d7a0cd406876e458f0d2573b334e95178e3121769da74236d,e696d4fbf92346a6a7f25ce9abc17a7f431cd32976a57e13df7c83e9f986da78,local,waste_litter,P1,0.82,escalate,0,1,create_draft_work_order,1,cae5f8e4-ca57-49bb-9a84-341e91ebd6e6,0.0,synthetic_operational,pending,
96151653-749b-59ad-b9cd-eee5010277b0,7123e4b1-9a74-5670-93b8-2b17b8fec3e6,D6,20260213,2026-02-13T09:00:00+00:00,synthetic-0088,owner:3,9161f77954b7ae4d7a0cd406876e458f0d2573b334e95178e3121769da74236d,e696d4fbf92346a6a7f25ce9abc17a7f431cd32976a57e13df7c83e9f986da78,local,waste_litter,P3,0.95,pass,1,0,create_draft_work_order,1,b0619a2f-e05a-42eb-b86b-522ca8b1a3c9,0.0,synthetic_operational,reviewed,accept
e2bf073a-afac-5fc2-92a5-416e0d25e2f3,c0ea255d-1ae9-5ac7-8528-22eb49da8804,D6,20260214,2026-02-14T09:00:00+00:00,synthetic-0089,owner:4,9161f77954b7ae4d7a0cd406876e458f0d2573b334e95178e3121769da74236d,e696d4fbf92346a6a7f25ce9abc17a7f431cd32976a57e13df7c83e9f986da78,local,waste_litter,P3,0.95,pass,1,0,create_draft_work_order,1,af8eaf1c-d90d-449c-b69f-e8f9ec698419,0.0,synthetic_operational,reviewed,override
ce2b8ed8-43ab-5d2d-b097-b871d7d925d6,bad15fe6-4135-5153-850b-80b15de0534b,D6,20260215,2026-02-15T09:00:00+00:00,synthetic-0090,owner:5,9161f77954b7ae4d7a0cd406876e458f0d2573b334e95178e3121769da74236d,e696d4fbf92346a6a7f25ce9abc17a7f431cd32976a57e13df7c83e9f986da78,local,waste_litter,P2,0.95,reject,0,0,close_live_case,1,d0222e23-dd3e-4d7a-b3ce-77df0c34e15e,0.0,synthetic_operational,pending,
7b383678-75a3-5000-925b-4bbadacacb59,237dd005-6ccc-5341-a11e-8ababbf90a98,D6,20260301,2026-03-01T09:00:00+00:00,synthetic-0091,owner:1,9161f77954b7ae4d7a0cd406876e458f0d2573b334e95178e3121769da74236d,e696d4fbf92346a6a7f25ce9abc17a7f431cd32976a57e13df7c83e9f986da78,local,waste_litter,P2,0.95,pass,1,0,create_draft_work_order,1,4c5bade1-b0af-40a5-9f4d-cbfd71ceaf95,0.0,synthetic_operational,reviewed,accept
ac0211fd-38e5-5782-821d-e5e146ff1da7,761436c3-07a9-55aa-a57c-ce5ace0a729a,D6,20260302,2026-03-02T09:00:00+00:00,synthetic-0092,owner:2,9161f77954b7ae4d7a0cd406876e458f0d2573b334e95178e3121769da74236d,e696d4fbf92346a6a7f25ce9abc17a7f431cd32976a57e13df7c83e9f986da78,local,waste_litter,P3,0.95,pass,1,0,create_draft_work_order,1,a7c8ce1e-0bf6-4cc8-83c7-838b16857314,0.0,synthetic_operational,reviewed,accept
73665528-a523-5ee2-9a15-aa431a35fde4,adb3e3fc-e119-5f88-970e-0711ec08ae14,D6,20260303,2026-03-03T09:00:00+00:00,synthetic-0093,owner:3,9161f77954b7ae4d7a0cd406876e458f0d2573b334e95178e3121769da74236d,e696d4fbf92346a6a7f25ce9abc17a7f431cd32976a57e13df7c83e9f986da78,local,waste_litter,P3,0.95,reject,0,0,create_draft_work_order,0,,,synthetic_operational,pending,
32728420-8ec0-52a6-a5c3-ad282aebab72,35b034ec-d4da-5825-9fb6-a1abdd1be608,D6,20260304,2026-03-04T09:00:00+00:00,synthetic-0094,owner:4,9161f77954b7ae4d7a0cd406876e458f0d2573b334e95178e3121769da74236d,e696d4fbf92346a6a7f25ce9abc17a7f431cd32976a57e13df7c83e9f986da78,local,general_enquiry,P4,0.3,escalate,0,1,create_draft_work_order,0,,,synthetic_operational,reviewed,override
171912ae-0ecf-5241-a861-64a88a89949a,546d956c-dc4f-57e1-8ff6-3a05a8129aaa,D6,20260305,2026-03-05T09:00:00+00:00,synthetic-0095,owner:5,9161f77954b7ae4d7a0cd406876e458f0d2573b334e95178e3121769da74236d,e696d4fbf92346a6a7f25ce9abc17a7f431cd32976a57e13df7c83e9f986da78,local,waste_litter,P3,0.95,escalate,0,1,create_draft_work_order,1,,,synthetic_operational,reviewed,escalate
75541c5e-2b61-5cb0-b8fc-d01c2f4460d1,3a79cc2e-c898-597a-a70a-f38ececb05ba,D6,20260306,2026-03-06T09:00:00+00:00,synthetic-0096,owner:1,9161f77954b7ae4d7a0cd406876e458f0d2573b334e95178e3121769da74236d,e696d4fbf92346a6a7f25ce9abc17a7f431cd32976a57e13df7c83e9f986da78,local,roads_footpaths,P2,0.82,escalate,0,0,create_draft_work_order,1,,,synthetic_operational,pending,
33fef64c-a81b-5b8f-985e-6e60c4935111,a7f971ac-be1a-5b00-adbc-8afd87538af4,D6,20260307,2026-03-07T09:00:00+00:00,synthetic-0097,owner:2,9161f77954b7ae4d7a0cd406876e458f0d2573b334e95178e3121769da74236d,e696d4fbf92346a6a7f25ce9abc17a7f431cd32976a57e13df7c83e9f986da78,local,waste_litter,P1,0.82,escalate,0,1,create_draft_work_order,1,9132ecb9-04c8-419d-859b-2a4c8879baad,0.0,synthetic_operational,reviewed,escalate
7df26e3f-ed9b-5fbf-8ab7-b14adae1faad,571a3524-6b22-5b6c-8bc8-2e35ed56dc4d,D6,20260308,2026-03-08T09:00:00+00:00,synthetic-0098,owner:3,9161f77954b7ae4d7a0cd406876e458f0d2573b334e95178e3121769da74236d,e696d4fbf92346a6a7f25ce9abc17a7f431cd32976a57e13df7c83e9f986da78,local,waste_litter,P3,0.95,pass,1,0,create_draft_work_order,1,0e042e8b-e5ff-43d7-adcc-0f4de2952a4a,0.0,synthetic_operational,reviewed,accept
9f657412-cd41-59e3-923d-4a1257f9fd09,3ad167eb-1cdc-501e-a4a0-e26ab5312345,D6,20260309,2026-03-09T09:00:00+00:00,synthetic-0099,owner:4,9161f77954b7ae4d7a0cd406876e458f0d2573b334e95178e3121769da74236d,e696d4fbf92346a6a7f25ce9abc17a7f431cd32976a57e13df7c83e9f986da78,local,waste_litter,P3,0.95,pass,1,0,create_draft_work_order,1,82f4c5e6-a30e-43e3-b41d-f8620e7feea7,0.0,synthetic_operational,pending,
32346432-fdb4-5c1e-bdcc-73850b1432e8,09ec45bf-1551-5683-b64b-8577255e383f,D6,20260310,2026-03-10T09:00:00+00:00,synthetic-0100,owner:5,9161f77954b7ae4d7a0cd406876e458f0d2573b334e95178e3121769da74236d,e696d4fbf92346a6a7f25ce9abc17a7f431cd32976a57e13df7c83e9f986da78,local,waste_litter,P2,0.95,reject,0,0,close_live_case,1,1293dfd0-53d7-493f-86e0-344c5159ec32,0.0,synthetic_operational,reviewed,escalate
c1ece9a1-856f-5993-aed3-2e930ef5e67a,5b2c4eb7-f56d-5a14-b0c5-b65f66400912,D6,20260311,2026-03-11T09:00:00+00:00,synthetic-0101,owner:1,9161f77954b7ae4d7a0cd406876e458f0d2573b334e95178e3121769da74236d,e696d4fbf92346a6a7f25ce9abc17a7f431cd32976a57e13df7c83e9f986da78,local,waste_litter,P2,0.95,pass,1,0,create_draft_work_order,1,276fc27f-3a0c-4484-b90d-5366046c3285,0.0,synthetic_operational,reviewed,accept
37a3837a-96f7-5753-b926-26fbd9cf0880,ce38f6d2-dd83-5b16-b2a4-c42f82d3f132,D6,20260312,2026-03-12T09:00:00+00:00,synthetic-0102,owner:2,9161f77954b7ae4d7a0cd406876e458f0d2573b334e95178e3121769da74236d,e696d4fbf92346a6a7f25ce9abc17a7f431cd32976a57e13df7c83e9f986da78,local,waste_litter,P3,0.95,pass,1,0,create_draft_work_order,1,23065d5d-ff47-4df9-9429-956ee1deb4aa,0.0,synthetic_operational,pending,
84aaa5a8-eea7-5872-8606-dd85ab2af93b,40571c41-f96d-5314-aaf7-45b39ec3d901,D6,20260313,2026-03-13T09:00:00+00:00,synthetic-0103,owner:3,9161f77954b7ae4d7a0cd406876e458f0d2573b334e95178e3121769da74236d,e696d4fbf92346a6a7f25ce9abc17a7f431cd32976a57e13df7c83e9f986da78,local,waste_litter,P3,0.95,reject,0,0,create_draft_work_order,0,,,synthetic_operational,reviewed,escalate
7437ee99-7ec0-5fe4-bb56-3f895a8f7ed9,55d5584d-2b4a-5548-bb6f-7cffdc67ee82,D6,20260314,2026-03-14T09:00:00+00:00,synthetic-0104,owner:4,9161f77954b7ae4d7a0cd406876e458f0d2573b334e95178e3121769da74236d,e696d4fbf92346a6a7f25ce9abc17a7f431cd32976a57e13df7c83e9f986da78,local,general_enquiry,P4,0.3,escalate,0,1,create_draft_work_order,0,,,synthetic_operational,reviewed,escalate
b9815162-19b4-5e79-80f3-d24d614e2e48,2d741fcc-67fa-509e-9ef4-082e1ee25eae,D6,20260315,2026-03-15T09:00:00+00:00,synthetic-0105,owner:5,9161f77954b7ae4d7a0cd406876e458f0d2573b334e95178e3121769da74236d,e696d4fbf92346a6a7f25ce9abc17a7f431cd32976a57e13df7c83e9f986da78,local,waste_litter,P3,0.95,escalate,0,1,create_draft_work_order,1,,,synthetic_operational,pending,
b8a98639-2cd2-56b1-878b-d7f456467930,a563405d-826e-5b5b-827d-3806441e97ad,D6,20260401,2026-04-01T09:00:00+00:00,synthetic-0106,owner:1,9161f77954b7ae4d7a0cd406876e458f0d2573b334e95178e3121769da74236d,e696d4fbf92346a6a7f25ce9abc17a7f431cd32976a57e13df7c83e9f986da78,local,roads_footpaths,P2,0.82,escalate,0,0,create_draft_work_order,1,,,synthetic_operational,reviewed,override
7f642dbb-5f41-52a3-a086-267ce6c24a89,45a9ecfc-5516-5df8-96b7-6e296b973b30,D6,20260402,2026-04-02T09:00:00+00:00,synthetic-0107,owner:2,9161f77954b7ae4d7a0cd406876e458f0d2573b334e95178e3121769da74236d,e696d4fbf92346a6a7f25ce9abc17a7f431cd32976a57e13df7c83e9f986da78,local,waste_litter,P1,0.82,escalate,0,1,create_draft_work_order,1,6be747b8-e95e-44ed-ac38-98882031ad68,0.0,synthetic_operational,reviewed,escalate
89d00ecb-ae3c-5162-99db-5f65df8e0231,c4c6578d-afdd-59ac-8863-329e64c8f379,D6,20260403,2026-04-03T09:00:00+00:00,synthetic-0108,owner:3,9161f77954b7ae4d7a0cd406876e458f0d2573b334e95178e3121769da74236d,e696d4fbf92346a6a7f25ce9abc17a7f431cd32976a57e13df7c83e9f986da78,local,waste_litter,P3,0.95,pass,1,0,create_draft_work_order,1,4cdc1f46-89ef-455f-8c90-2dd04e794ac1,0.0,synthetic_operational,pending,
22625ab3-b712-5cd7-aa6b-11246832d043,6bc20701-0a8f-5ff7-a047-a5ef4a14ef21,D6,20260404,2026-04-04T09:00:00+00:00,synthetic-0109,owner:4,9161f77954b7ae4d7a0cd406876e458f0d2573b334e95178e3121769da74236d,e696d4fbf92346a6a7f25ce9abc17a7f431cd32976a57e13df7c83e9f986da78,local,waste_litter,P3,0.95,pass,1,0,create_draft_work_order,1,23c1bb6c-fbc3-4ed5-96ca-f84f7694d6a7,0.0,synthetic_operational,reviewed,accept
de8770be-d922-5654-b32e-ecd959fcf84e,6110fdb3-d8be-5e48-9745-d28b94b8a469,D6,20260405,2026-04-05T09:00:00+00:00,synthetic-0110,owner:5,9161f77954b7ae4d7a0cd406876e458f0d2573b334e95178e3121769da74236d,e696d4fbf92346a6a7f25ce9abc17a7f431cd32976a57e13df7c83e9f986da78,local,waste_litter,P2,0.95,reject,0,0,close_live_case,1,9b49c58f-8e7b-4bf1-b741-de8752ddafd7,0.0,synthetic_operational,reviewed,override
b635559c-546a-5a71-a698-55997811618d,7635d2d8-9953-5f25-aed6-ad34e7555673,D6,20260406,2026-04-06T09:00:00+00:00,synthetic-0111,owner:1,9161f77954b7ae4d7a0cd406876e458f0d2573b334e95178e3121769da74236d,e696d4fbf92346a6a7f25ce9abc17a7f431cd32976a57e13df7c83e9f986da78,local,waste_litter,P2,0.95,pass,1,0,create_draft_work_order,1,1275a4af-56a0-41a4-b9e8-86545fa26d2b,0.0,synthetic_operational,pending,
d628048d-d3a9-5d9f-9ad5-938da5158185,2a174647-21c9-52b9-a6d7-bf98fe427cef,D6,20260407,2026-04-07T09:00:00+00:00,synthetic-0112,owner:2,9161f77954b7ae4d7a0cd406876e458f0d2573b334e95178e3121769da74236d,e696d4fbf92346a6a7f25ce9abc17a7f431cd32976a57e13df7c83e9f986da78,local,waste_litter,P3,0.95,pass,1,0,create_draft_work_order,1,d4e0f105-301c-42c7-a119-93571fc7d9cf,0.0,synthetic_operational,reviewed,accept
7d8ee355-68fb-5a14-b27c-471fac10a6e6,3cc8fcf4-6d3a-5a3d-9150-3d83216560fe,D6,20260408,2026-04-08T09:00:00+00:00,synthetic-0113,owner:3,9161f77954b7ae4d7a0cd406876e458f0d2573b334e95178e3121769da74236d,e696d4fbf92346a6a7f25ce9abc17a7f431cd32976a57e13df7c83e9f986da78,local,waste_litter,P3,0.95,reject,0,0,create_draft_work_order,0,,,synthetic_operational,reviewed,escalate
14b9f0ab-46bc-5c7f-bb9a-4d3f3e78f50a,f6c34810-52a2-5f53-883a-aa139eee2edb,D6,20260409,2026-04-09T09:00:00+00:00,synthetic-0114,owner:4,9161f77954b7ae4d7a0cd406876e458f0d2573b334e95178e3121769da74236d,e696d4fbf92346a6a7f25ce9abc17a7f431cd32976a57e13df7c83e9f986da78,local,general_enquiry,P4,0.3,escalate,0,1,create_draft_work_order,0,,,synthetic_operational,pending,
c1620ed8-1278-5e58-a04e-5fe41b83d14b,062457c4-8b3b-5532-a761-cd5760e59457,D6,20260410,2026-04-10T09:00:00+00:00,synthetic-0115,owner:5,9161f77954b7ae4d7a0cd406876e458f0d2573b334e95178e3121769da74236d,e696d4fbf92346a6a7f25ce9abc17a7f431cd32976a57e13df7c83e9f986da78,local,waste_litter,P3,0.95,escalate,0,1,create_draft_work_order,1,,,synthetic_operational,reviewed,escalate
bf6d71ae-dbc3-5d7c-a5b8-48ce37a3a1f2,08170784-5980-574c-8e44-b5e8deae42b1,D6,20260411,2026-04-11T09:00:00+00:00,synthetic-0116,owner:1,9161f77954b7ae4d7a0cd406876e458f0d2573b334e95178e3121769da74236d,e696d4fbf92346a6a7f25ce9abc17a7f431cd32976a57e13df7c83e9f986da78,local,roads_footpaths,P2,0.82,escalate,0,0,create_draft_work_order,1,,,synthetic_operational,reviewed,escalate
350980c1-c3c1-5d3e-9bc0-082435918ff9,804690d5-4674-5988-997c-b3f8df32ed79,D6,20260412,2026-04-12T09:00:00+00:00,synthetic-0117,owner:2,9161f77954b7ae4d7a0cd406876e458f0d2573b334e95178e3121769da74236d,e696d4fbf92346a6a7f25ce9abc17a7f431cd32976a57e13df7c83e9f986da78,local,waste_litter,P1,0.82,escalate,0,1,create_draft_work_order,1,b0091418-9261-4254-8ad6-1283c72edb9c,0.0,synthetic_operational,pending,
0bf48426-149d-59df-891f-002f3455ed06,d1b26083-8c40-55b7-92ca-fdedcda79851,D6,20260413,2026-04-13T09:00:00+00:00,synthetic-0118,owner:3,9161f77954b7ae4d7a0cd406876e458f0d2573b334e95178e3121769da74236d,e696d4fbf92346a6a7f25ce9abc17a7f431cd32976a57e13df7c83e9f986da78,local,waste_litter,P3,0.95,pass,1,0,create_draft_work_order,1,5a0e4a9a-3db2-4e2f-aa2d-0c1e8689ad13,0.0,synthetic_operational,reviewed,accept
ff3c448b-05c9-558c-ad90-7e26d148f471,2939c858-628a-5464-99ac-1c684d3beaa7,D6,20260414,2026-04-14T09:00:00+00:00,synthetic-0119,owner:4,9161f77954b7ae4d7a0cd406876e458f0d2573b334e95178e3121769da74236d,e696d4fbf92346a6a7f25ce9abc17a7f431cd32976a57e13df7c83e9f986da78,local,waste_litter,P3,0.95,pass,1,0,create_draft_work_order,1,9a908225-bf73-4b94-bb69-c7528197e6c6,0.0,synthetic_operational,reviewed,accept
7ce66bb7-c449-51a7-a937-266f8a38e442,49760eca-23a1-571c-bea3-aea4aaae93fc,D6,20260415,2026-04-15T09:00:00+00:00,synthetic-0120,owner:5,9161f77954b7ae4d7a0cd406876e458f0d2573b334e95178e3121769da74236d,e696d4fbf92346a6a7f25ce9abc17a7f431cd32976a57e13df7c83e9f986da78,local,waste_litter,P2,0.95,reject,0,0,close_live_case,1,76b6a0bb-3790-4fde-8de8-b4969dafd744,0.0,synthetic_operational,pending,
e6788b62-4325-5904-8b69-1491a8f8d797,bc597f52-e989-5bba-b881-4e956090547d,D6,20260501,2026-05-01T09:00:00+00:00,synthetic-0121,owner:1,9161f77954b7ae4d7a0cd406876e458f0d2573b334e95178e3121769da74236d,e696d4fbf92346a6a7f25ce9abc17a7f431cd32976a57e13df7c83e9f986da78,local,waste_litter,P2,0.95,pass,1,0,create_draft_work_order,1,ce952493-1494-40a7-86cc-300cad78df7f,0.0,synthetic_operational,reviewed,override
8d0a1a98-b8e9-5694-94cd-14e59cc5135f,df25976e-d99e-5b4b-8636-61f71950f026,D6,20260502,2026-05-02T09:00:00+00:00,synthetic-0122,owner:2,9161f77954b7ae4d7a0cd406876e458f0d2573b334e95178e3121769da74236d,e696d4fbf92346a6a7f25ce9abc17a7f431cd32976a57e13df7c83e9f986da78,local,waste_litter,P3,0.95,pass,1,0,create_draft_work_order,1,f1bfc267-2152-47f8-bc8d-cd6211cfe1fd,0.0,synthetic_operational,reviewed,accept
4a57ac64-c56a-5998-bab1-e7d705e6bec1,f68cdf96-faa7-534d-982f-58217d3a7c34,D6,20260503,2026-05-03T09:00:00+00:00,synthetic-0123,owner:3,9161f77954b7ae4d7a0cd406876e458f0d2573b334e95178e3121769da74236d,e696d4fbf92346a6a7f25ce9abc17a7f431cd32976a57e13df7c83e9f986da78,local,waste_litter,P3,0.95,reject,0,0,create_draft_work_order,0,,,synthetic_operational,pending,
762270c2-c709-5a36-af46-84b88e673379,19c12630-afc7-5cdc-871a-513bbfc1a7f3,D6,20260504,2026-05-04T09:00:00+00:00,synthetic-0124,owner:4,9161f77954b7ae4d7a0cd406876e458f0d2573b334e95178e3121769da74236d,e696d4fbf92346a6a7f25ce9abc17a7f431cd32976a57e13df7c83e9f986da78,local,general_enquiry,P4,0.3,escalate,0,1,create_draft_work_order,0,,,synthetic_operational,reviewed,escalate
2434759b-0899-5ec1-a231-d8856cc3e89d,26b6c93e-741d-5023-939b-290deeb7a3c1,D6,20260505,2026-05-05T09:00:00+00:00,synthetic-0125,owner:5,9161f77954b7ae4d7a0cd406876e458f0d2573b334e95178e3121769da74236d,e696d4fbf92346a6a7f25ce9abc17a7f431cd32976a57e13df7c83e9f986da78,local,waste_litter,P3,0.95,escalate,0,1,create_draft_work_order,1,,,synthetic_operational,reviewed,escalate
c0505261-4463-5ed4-9ab0-0e508c5f4300,c28a08ef-de2e-5380-bb69-07845a970001,D6,20260506,2026-05-06T09:00:00+00:00,synthetic-0126,owner:1,9161f77954b7ae4d7a0cd406876e458f0d2573b334e95178e3121769da74236d,e696d4fbf92346a6a7f25ce9abc17a7f431cd32976a57e13df7c83e9f986da78,local,roads_footpaths,P2,0.82,escalate,0,0,create_draft_work_order,1,,,synthetic_operational,pending,
b7b75b15-3876-55e8-8222-88ee2db4f0a9,3fde6685-e9c8-5449-bdb3-814b4e320630,D6,20260507,2026-05-07T09:00:00+00:00,synthetic-0127,owner:2,9161f77954b7ae4d7a0cd406876e458f0d2573b334e95178e3121769da74236d,e696d4fbf92346a6a7f25ce9abc17a7f431cd32976a57e13df7c83e9f986da78,local,waste_litter,P1,0.82,escalate,0,1,create_draft_work_order,1,d9633f07-d333-44f7-9222-529ceb1658f1,0.0,synthetic_operational,reviewed,escalate
9bff6ed9-8ee2-53c2-b3e3-e7339b59acf9,7f1768aa-bb79-52d0-94ed-cd6d1985d7b7,D6,20260508,2026-05-08T09:00:00+00:00,synthetic-0128,owner:3,9161f77954b7ae4d7a0cd406876e458f0d2573b334e95178e3121769da74236d,e696d4fbf92346a6a7f25ce9abc17a7f431cd32976a57e13df7c83e9f986da78,local,waste_litter,P3,0.95,pass,1,0,create_draft_work_order,1,9e281399-ba76-47b8-ae81-1851f6ef83ec,0.0,synthetic_operational,reviewed,accept
a20c4ef3-43ea-518d-bb1e-cff3a9526d6b,91188328-4049-5a1b-bf86-b7b1ed1e42b1,D6,20260509,2026-05-09T09:00:00+00:00,synthetic-0129,owner:4,9161f77954b7ae4d7a0cd406876e458f0d2573b334e95178e3121769da74236d,e696d4fbf92346a6a7f25ce9abc17a7f431cd32976a57e13df7c83e9f986da78,local,waste_litter,P3,0.95,pass,1,0,create_draft_work_order,1,771878b9-467c-4e89-8759-f2a0cb280cf9,0.0,synthetic_operational,pending,
82caf8b6-0bd2-5054-aa9e-284a767a6512,3b04f16f-65b8-5422-9d5e-92e1e851961d,D6,20260510,2026-05-10T09:00:00+00:00,synthetic-0130,owner:5,9161f77954b7ae4d7a0cd406876e458f0d2573b334e95178e3121769da74236d,e696d4fbf92346a6a7f25ce9abc17a7f431cd32976a57e13df7c83e9f986da78,local,waste_litter,P2,0.95,reject,0,0,close_live_case,1,d07bed90-34b1-4b31-959e-44d2ffdcc7af,0.0,synthetic_operational,reviewed,override
19e4c7f0-7655-58e8-8e96-4a87979fcc86,86e9f657-04f6-53e0-a873-06c14b7822ff,D6,20260511,2026-05-11T09:00:00+00:00,synthetic-0131,owner:1,9161f77954b7ae4d7a0cd406876e458f0d2573b334e95178e3121769da74236d,e696d4fbf92346a6a7f25ce9abc17a7f431cd32976a57e13df7c83e9f986da78,local,waste_litter,P2,0.95,pass,1,0,create_draft_work_order,1,4bd56350-28bf-4c50-80ee-822cdc4af991,0.0,synthetic_operational,reviewed,accept
b08ef180-0758-5c49-96ea-af3f65aa73ee,689a1f43-a1bf-5c4f-9b3b-7cfe154a469a,D6,20260512,2026-05-12T09:00:00+00:00,synthetic-0132,owner:2,9161f77954b7ae4d7a0cd406876e458f0d2573b334e95178e3121769da74236d,e696d4fbf92346a6a7f25ce9abc17a7f431cd32976a57e13df7c83e9f986da78,local,waste_litter,P3,0.95,pass,1,0,create_draft_work_order,1,2043cebc-7d71-43fa-98e4-7785abf9454b,0.0,synthetic_operational,pending,
093d327b-8f68-5dba-b886-964797a59781,1b331ba0-bf95-5355-bcf5-236f7fed8c16,D6,20260513,2026-05-13T09:00:00+00:00,synthetic-0133,owner:3,9161f77954b7ae4d7a0cd406876e458f0d2573b334e95178e3121769da74236d,e696d4fbf92346a6a7f25ce9abc17a7f431cd32976a57e13df7c83e9f986da78,local,waste_litter,P3,0.95,reject,0,0,create_draft_work_order,0,,,synthetic_operational,reviewed,escalate
2b0258a0-ae31-5145-b52e-e906ee6f268e,bb7c63aa-ead3-5306-a216-466852c248e9,D6,20260514,2026-05-14T09:00:00+00:00,synthetic-0134,owner:4,9161f77954b7ae4d7a0cd406876e458f0d2573b334e95178e3121769da74236d,e696d4fbf92346a6a7f25ce9abc17a7f431cd32976a57e13df7c83e9f986da78,local,general_enquiry,P4,0.3,escalate,0,1,create_draft_work_order,0,,,synthetic_operational,reviewed,override
b0afd50e-e305-5ab5-9912-ddb79f7d39a4,985daeac-d1c1-577b-860b-01aa6ae5454d,D6,20260515,2026-05-15T09:00:00+00:00,synthetic-0135,owner:5,9161f77954b7ae4d7a0cd406876e458f0d2573b334e95178e3121769da74236d,e696d4fbf92346a6a7f25ce9abc17a7f431cd32976a57e13df7c83e9f986da78,local,waste_litter,P3,0.95,escalate,0,1,create_draft_work_order,1,,,synthetic_operational,pending,
1a05ef45-faef-59ae-ac16-5942f5bb46fc,6e49a7da-34ea-5c38-b0f0-e243a5ce2846,D6,20260601,2026-06-01T09:00:00+00:00,synthetic-0136,owner:1,9161f77954b7ae4d7a0cd406876e458f0d2573b334e95178e3121769da74236d,e696d4fbf92346a6a7f25ce9abc17a7f431cd32976a57e13df7c83e9f986da78,local,roads_footpaths,P2,0.82,escalate,0,0,create_draft_work_order,1,,,synthetic_operational,reviewed,escalate
4ab599e1-c12a-5a14-96c9-a602136f8954,ad809fbf-2745-55d9-8bf6-b71a4ef64787,D6,20260602,2026-06-02T09:00:00+00:00,synthetic-0137,owner:2,9161f77954b7ae4d7a0cd406876e458f0d2573b334e95178e3121769da74236d,e696d4fbf92346a6a7f25ce9abc17a7f431cd32976a57e13df7c83e9f986da78,local,waste_litter,P1,0.82,escalate,0,1,create_draft_work_order,1,2c93cb95-7867-4e60-b1cf-3295c6b1c709,0.0,synthetic_operational,reviewed,escalate
d460f27b-262c-50b4-b096-27537dda10c2,1c6ec35f-2d51-5ed4-8fab-fdf056d9e418,D6,20260603,2026-06-03T09:00:00+00:00,synthetic-0138,owner:3,9161f77954b7ae4d7a0cd406876e458f0d2573b334e95178e3121769da74236d,e696d4fbf92346a6a7f25ce9abc17a7f431cd32976a57e13df7c83e9f986da78,local,waste_litter,P3,0.95,pass,1,0,create_draft_work_order,1,000a1df9-f695-4d1b-973e-c743dea91385,0.0,synthetic_operational,pending,
7d82cb4d-e70b-5161-bbdc-7ace4c835871,85eae0e2-7a68-5d16-9d8b-3a8f682be900,D6,20260604,2026-06-04T09:00:00+00:00,synthetic-0139,owner:4,9161f77954b7ae4d7a0cd406876e458f0d2573b334e95178e3121769da74236d,e696d4fbf92346a6a7f25ce9abc17a7f431cd32976a57e13df7c83e9f986da78,local,waste_litter,P3,0.95,pass,1,0,create_draft_work_order,1,a55f1c49-18d4-4ea3-81f0-605cc78b315a,0.0,synthetic_operational,reviewed,accept
1125a903-fe8b-5ac3-b33f-25b89a892ef4,adc3d14c-e425-5533-bc3c-d524d6193e15,D6,20260605,2026-06-05T09:00:00+00:00,synthetic-0140,owner:5,9161f77954b7ae4d7a0cd406876e458f0d2573b334e95178e3121769da74236d,e696d4fbf92346a6a7f25ce9abc17a7f431cd32976a57e13df7c83e9f986da78,local,waste_litter,P2,0.95,reject,0,0,close_live_case,1,84657a83-65f1-40a0-a00f-4fba39510054,0.0,synthetic_operational,reviewed,escalate
700448d0-e53b-586e-b318-3f978fff0c74,0f810c83-a604-55ed-939e-c36f6c013179,D6,20260606,2026-06-06T09:00:00+00:00,synthetic-0141,owner:1,9161f77954b7ae4d7a0cd406876e458f0d2573b334e95178e3121769da74236d,e696d4fbf92346a6a7f25ce9abc17a7f431cd32976a57e13df7c83e9f986da78,local,waste_litter,P2,0.95,pass,1,0,create_draft_work_order,1,129a9221-c3ea-414a-8c25-8033b5cc15ad,0.0,synthetic_operational,pending,
4982d206-7170-5c14-be71-d24014d7a5cf,e1ad7e2a-de08-55b2-be39-9118bfa44a4a,D6,20260607,2026-06-07T09:00:00+00:00,synthetic-0142,owner:2,9161f77954b7ae4d7a0cd406876e458f0d2573b334e95178e3121769da74236d,e696d4fbf92346a6a7f25ce9abc17a7f431cd32976a57e13df7c83e9f986da78,local,waste_litter,P3,0.95,pass,1,0,create_draft_work_order,1,7994cf90-26f8-4d28-a661-8b6f2b03184e,0.0,synthetic_operational,reviewed,accept
c2838c13-5a58-5173-a6a6-a903d07351df,7f1fe2c6-0211-5558-9cdc-6788809bb6c6,D6,20260608,2026-06-08T09:00:00+00:00,synthetic-0143,owner:3,9161f77954b7ae4d7a0cd406876e458f0d2573b334e95178e3121769da74236d,e696d4fbf92346a6a7f25ce9abc17a7f431cd32976a57e13df7c83e9f986da78,local,waste_litter,P3,0.95,reject,0,0,create_draft_work_order,0,,,synthetic_operational,reviewed,escalate
aec766f7-033c-50e7-8d15-735b18662fe4,aa677fc3-141e-555f-9cbf-6a223bedb58f,D6,20260609,2026-06-09T09:00:00+00:00,synthetic-0144,owner:4,9161f77954b7ae4d7a0cd406876e458f0d2573b334e95178e3121769da74236d,e696d4fbf92346a6a7f25ce9abc17a7f431cd32976a57e13df7c83e9f986da78,local,general_enquiry,P4,0.3,escalate,0,1,create_draft_work_order,0,,,synthetic_operational,pending,
29c548b7-6016-57c3-97f3-b0dd139aeea2,53dc4d0b-b12a-5728-96a6-5d8b03414c6d,D6,20260610,2026-06-10T09:00:00+00:00,synthetic-0145,owner:5,9161f77954b7ae4d7a0cd406876e458f0d2573b334e95178e3121769da74236d,e696d4fbf92346a6a7f25ce9abc17a7f431cd32976a57e13df7c83e9f986da78,local,waste_litter,P3,0.95,escalate,0,1,create_draft_work_order,1,,,synthetic_operational,reviewed,escalate
5101da34-185f-5fa1-85ac-19c7108c03fa,722c05a5-53a9-5d39-8696-aba6c22cde43,D6,20260611,2026-06-11T09:00:00+00:00,synthetic-0146,owner:1,9161f77954b7ae4d7a0cd406876e458f0d2573b334e95178e3121769da74236d,e696d4fbf92346a6a7f25ce9abc17a7f431cd32976a57e13df7c83e9f986da78,local,roads_footpaths,P2,0.82,escalate,0,0,create_draft_work_order,1,,,synthetic_operational,reviewed,override
06a95fac-1f59-5c29-80cf-9ae20549edfa,c3c39e48-a82e-57d6-8894-9c99a3c53cb4,D6,20260612,2026-06-12T09:00:00+00:00,synthetic-0147,owner:2,9161f77954b7ae4d7a0cd406876e458f0d2573b334e95178e3121769da74236d,e696d4fbf92346a6a7f25ce9abc17a7f431cd32976a57e13df7c83e9f986da78,local,waste_litter,P1,0.82,escalate,0,1,create_draft_work_order,1,42003f62-a677-4a19-a474-abad2072afba,0.0,synthetic_operational,pending,
513b1a6a-5e8b-53e6-b8b6-6eee9c6db13f,f3abd400-6d64-5863-b6f8-e40f1b7ac847,D6,20260613,2026-06-13T09:00:00+00:00,synthetic-0148,owner:3,9161f77954b7ae4d7a0cd406876e458f0d2573b334e95178e3121769da74236d,e696d4fbf92346a6a7f25ce9abc17a7f431cd32976a57e13df7c83e9f986da78,local,waste_litter,P3,0.95,pass,1,0,create_draft_work_order,1,986526f0-3333-484c-8d9c-1700e90a7110,0.0,synthetic_operational,reviewed,accept
99d98186-01be-5812-b9ce-fef784cabb88,eb663b81-ac7a-5837-9c8a-0b9fc18f569f,D6,20260614,2026-06-14T09:00:00+00:00,synthetic-0149,owner:4,9161f77954b7ae4d7a0cd406876e458f0d2573b334e95178e3121769da74236d,e696d4fbf92346a6a7f25ce9abc17a7f431cd32976a57e13df7c83e9f986da78,local,waste_litter,P3,0.95,pass,1,0,create_draft_work_order,1,5102fb24-1488-4d06-b427-dfb44f2e962f,0.0,synthetic_operational,reviewed,accept
ab0426fc-d2af-5814-80ee-5e5a846b49b5,da539078-6015-5edf-91e6-f7ad634402ca,D6,20260615,2026-06-15T09:00:00+00:00,synthetic-0150,owner:5,9161f77954b7ae4d7a0cd406876e458f0d2573b334e95178e3121769da74236d,e696d4fbf92346a6a7f25ce9abc17a7f431cd32976a57e13df7c83e9f986da78,local,waste_litter,P2,0.95,reject,0,0,close_live_case,1,5d0bb562-ebcf-441a-ae37-79610faf8ae8,0.0,synthetic_operational,pending,
2dcab767-d67a-5e03-8335-158037ce3441,2d32e0e9-5f84-5438-8af0-866e1aa85aa8,D6,20260701,2026-07-01T09:00:00+00:00,synthetic-0151,owner:1,9161f77954b7ae4d7a0cd406876e458f0d2573b334e95178e3121769da74236d,e696d4fbf92346a6a7f25ce9abc17a7f431cd32976a57e13df7c83e9f986da78,local,waste_litter,P2,0.95,pass,1,0,create_draft_work_order,1,296e328a-4734-4906-ad95-9d9ae8eec3fe,0.0,synthetic_operational,reviewed,accept
91f8b46f-036a-5dfa-8251-4a6a3020ff84,d0e4d2e4-ec69-59ee-93be-e5455fc3a890,D6,20260702,2026-07-02T09:00:00+00:00,synthetic-0152,owner:2,9161f77954b7ae4d7a0cd406876e458f0d2573b334e95178e3121769da74236d,e696d4fbf92346a6a7f25ce9abc17a7f431cd32976a57e13df7c83e9f986da78,local,waste_litter,P3,0.95,pass,1,0,create_draft_work_order,1,c5ed55b4-e9b8-4a35-953a-cafab54db7d0,0.0,synthetic_operational,reviewed,accept
894607a6-96fb-50f1-8706-51381b858e97,7aef1591-fabe-5eec-a4a9-81743ea98f46,D6,20260703,2026-07-03T09:00:00+00:00,synthetic-0153,owner:3,9161f77954b7ae4d7a0cd406876e458f0d2573b334e95178e3121769da74236d,e696d4fbf92346a6a7f25ce9abc17a7f431cd32976a57e13df7c83e9f986da78,local,waste_litter,P3,0.95,reject,0,0,create_draft_work_order,0,,,synthetic_operational,pending,
e1e819e9-9251-565a-8f3f-55349c1733bd,9865f6a2-8f74-5508-9521-ff05f86be1ae,D6,20260704,2026-07-04T09:00:00+00:00,synthetic-0154,owner:4,9161f77954b7ae4d7a0cd406876e458f0d2573b334e95178e3121769da74236d,e696d4fbf92346a6a7f25ce9abc17a7f431cd32976a57e13df7c83e9f986da78,local,general_enquiry,P4,0.3,escalate,0,1,create_draft_work_order,0,,,synthetic_operational,reviewed,override
dd942341-3146-5393-82b2-4321b5b5158b,28cba0d2-fb9a-52ab-8578-919dcdaf2292,D6,20260705,2026-07-05T09:00:00+00:00,synthetic-0155,owner:5,9161f77954b7ae4d7a0cd406876e458f0d2573b334e95178e3121769da74236d,e696d4fbf92346a6a7f25ce9abc17a7f431cd32976a57e13df7c83e9f986da78,local,waste_litter,P3,0.95,escalate,0,1,create_draft_work_order,1,,,synthetic_operational,reviewed,escalate
eceb20e8-c107-5291-95cc-15c7ea972e63,0fb7c91f-874d-53fa-8d3b-f9486ef0a051,D6,20260706,2026-07-06T09:00:00+00:00,synthetic-0156,owner:1,9161f77954b7ae4d7a0cd406876e458f0d2573b334e95178e3121769da74236d,e696d4fbf92346a6a7f25ce9abc17a7f431cd32976a57e13df7c83e9f986da78,local,roads_footpaths,P2,0.82,escalate,0,0,create_draft_work_order,1,,,synthetic_operational,pending,
90b96ed5-5465-5c50-8ed4-14d55a5bb66c,d5902165-6c0c-51c4-8840-df348a2285be,D6,20260707,2026-07-07T09:00:00+00:00,synthetic-0157,owner:2,9161f77954b7ae4d7a0cd406876e458f0d2573b334e95178e3121769da74236d,e696d4fbf92346a6a7f25ce9abc17a7f431cd32976a57e13df7c83e9f986da78,local,waste_litter,P1,0.82,escalate,0,1,create_draft_work_order,1,04581f23-9f89-4d8c-b392-579f8c79eef6,0.0,synthetic_operational,reviewed,escalate
d7fa7900-3920-5647-be8c-1b7f10e0c6dc,bed58e87-2c56-522b-806e-235926a11d9e,D6,20260708,2026-07-08T09:00:00+00:00,synthetic-0158,owner:3,9161f77954b7ae4d7a0cd406876e458f0d2573b334e95178e3121769da74236d,e696d4fbf92346a6a7f25ce9abc17a7f431cd32976a57e13df7c83e9f986da78,local,waste_litter,P3,0.95,pass,1,0,create_draft_work_order,1,1ccbd8fe-25a2-4d69-a2e7-91dec5ae438f,0.0,synthetic_operational,reviewed,accept
947913aa-e050-5645-951a-64fd013084f9,b69ca768-696f-56ca-aa07-3d744aed0567,D6,20260709,2026-07-09T09:00:00+00:00,synthetic-0159,owner:4,9161f77954b7ae4d7a0cd406876e458f0d2573b334e95178e3121769da74236d,e696d4fbf92346a6a7f25ce9abc17a7f431cd32976a57e13df7c83e9f986da78,local,waste_litter,P3,0.95,pass,1,0,create_draft_work_order,1,00539d5b-b07e-4ba4-8206-f5d281f29321,0.0,synthetic_operational,pending,
371ddd18-228a-5cac-977a-52e66b7040d8,9b7ec0e2-7c03-50f4-85c7-9a5485aa2d4c,D6,20260710,2026-07-10T09:00:00+00:00,synthetic-0160,owner:5,9161f77954b7ae4d7a0cd406876e458f0d2573b334e95178e3121769da74236d,e696d4fbf92346a6a7f25ce9abc17a7f431cd32976a57e13df7c83e9f986da78,local,waste_litter,P2,0.95,reject,0,0,close_live_case,1,6c576e13-8ad0-4bb3-9799-0ec8274be24e,0.0,synthetic_operational,reviewed,escalate
91be5e89-2b76-5fed-9202-80ad988319f2,e655e672-d4d2-565d-a0e6-2fa239aaf633,D6,20260711,2026-07-11T09:00:00+00:00,synthetic-0161,owner:1,9161f77954b7ae4d7a0cd406876e458f0d2573b334e95178e3121769da74236d,e696d4fbf92346a6a7f25ce9abc17a7f431cd32976a57e13df7c83e9f986da78,local,waste_litter,P2,0.95,pass,1,0,create_draft_work_order,1,baecf0c4-afb4-4087-990c-e69130b5eb79,0.0,synthetic_operational,reviewed,override
244df044-e446-5095-83b6-c9b361ae26ed,5e0d173c-1467-54e9-88c4-6b4f20434bc0,D6,20260712,2026-07-12T09:00:00+00:00,synthetic-0162,owner:2,9161f77954b7ae4d7a0cd406876e458f0d2573b334e95178e3121769da74236d,e696d4fbf92346a6a7f25ce9abc17a7f431cd32976a57e13df7c83e9f986da78,local,waste_litter,P3,0.95,pass,1,0,create_draft_work_order,1,8a70e001-4345-4f5e-9ba5-52795f934fec,0.0,synthetic_operational,pending,
92932f25-8e4a-5e17-a2b6-f355e2f79fed,f0ec413d-1361-5852-b7cc-55ba8b18ed67,D6,20260713,2026-07-13T09:00:00+00:00,synthetic-0163,owner:3,9161f77954b7ae4d7a0cd406876e458f0d2573b334e95178e3121769da74236d,e696d4fbf92346a6a7f25ce9abc17a7f431cd32976a57e13df7c83e9f986da78,local,waste_litter,P3,0.95,reject,0,0,create_draft_work_order,0,,,synthetic_operational,reviewed,escalate
1fa82f85-694d-5cd0-aa8b-206fae7899ed,b11ef1f6-054c-57b5-aec8-5adcf28edf33,D6,20260714,2026-07-14T09:00:00+00:00,synthetic-0164,owner:4,9161f77954b7ae4d7a0cd406876e458f0d2573b334e95178e3121769da74236d,e696d4fbf92346a6a7f25ce9abc17a7f431cd32976a57e13df7c83e9f986da78,local,general_enquiry,P4,0.3,escalate,0,1,create_draft_work_order,0,,,synthetic_operational,reviewed,escalate
42bc1c27-9064-50ba-bb66-af2e4a0ab2b4,a17353aa-4eb6-58a3-a7d0-bce29cc7164f,D6,20260715,2026-07-15T09:00:00+00:00,synthetic-0165,owner:5,9161f77954b7ae4d7a0cd406876e458f0d2573b334e95178e3121769da74236d,e696d4fbf92346a6a7f25ce9abc17a7f431cd32976a57e13df7c83e9f986da78,local,waste_litter,P3,0.95,escalate,0,1,create_draft_work_order,1,,,synthetic_operational,pending,
bbefb742-1025-50f1-9c8f-c9de900d1dd5,2002b377-a59f-5914-8d0a-4217be17de92,D6,20260801,2026-08-01T09:00:00+00:00,synthetic-0166,owner:1,9161f77954b7ae4d7a0cd406876e458f0d2573b334e95178e3121769da74236d,e696d4fbf92346a6a7f25ce9abc17a7f431cd32976a57e13df7c83e9f986da78,local,roads_footpaths,P2,0.82,escalate,0,0,create_draft_work_order,1,,,synthetic_operational,reviewed,override
06414344-5ffc-5527-9c64-5efa0e788ff2,5dfdfc58-5008-5c9e-ba79-3ce5deaeac8b,D6,20260802,2026-08-02T09:00:00+00:00,synthetic-0167,owner:2,9161f77954b7ae4d7a0cd406876e458f0d2573b334e95178e3121769da74236d,e696d4fbf92346a6a7f25ce9abc17a7f431cd32976a57e13df7c83e9f986da78,local,waste_litter,P1,0.82,escalate,0,1,create_draft_work_order,1,28328bb9-cc69-4296-87d2-f93171d700a8,0.0,synthetic_operational,reviewed,escalate
b8a474dd-270b-592a-8c36-f858d609c28c,21199387-6292-5d02-bf7c-1eb11172e43a,D6,20260803,2026-08-03T09:00:00+00:00,synthetic-0168,owner:3,9161f77954b7ae4d7a0cd406876e458f0d2573b334e95178e3121769da74236d,e696d4fbf92346a6a7f25ce9abc17a7f431cd32976a57e13df7c83e9f986da78,local,waste_litter,P3,0.95,pass,1,0,create_draft_work_order,1,fc98afe9-9f2b-43b7-a62a-643ba70c87eb,0.0,synthetic_operational,pending,
2e0aa43b-30a3-5739-b71f-ebd3625feff2,c0b33053-04c0-5811-bd41-b06f9e449fc0,D6,20260804,2026-08-04T09:00:00+00:00,synthetic-0169,owner:4,9161f77954b7ae4d7a0cd406876e458f0d2573b334e95178e3121769da74236d,e696d4fbf92346a6a7f25ce9abc17a7f431cd32976a57e13df7c83e9f986da78,local,waste_litter,P3,0.95,pass,1,0,create_draft_work_order,1,6569a1ef-52d1-4b58-890c-b35ef60bf73b,0.0,synthetic_operational,reviewed,override
160cec43-89d0-532d-b568-974fcca6af62,b4725ccd-ab8c-5a08-bb86-7c1cd95b861b,D6,20260805,2026-08-05T09:00:00+00:00,synthetic-0170,owner:5,9161f77954b7ae4d7a0cd406876e458f0d2573b334e95178e3121769da74236d,e696d4fbf92346a6a7f25ce9abc17a7f431cd32976a57e13df7c83e9f986da78,local,waste_litter,P2,0.95,reject,0,0,close_live_case,1,7cfadb48-50f7-4f00-9910-3e2cb4f38dea,0.0,synthetic_operational,reviewed,override
5f1bd2da-ea96-5d57-b0a2-72393027039b,e1f24114-e05f-561f-9a79-a04862353333,D6,20260806,2026-08-06T09:00:00+00:00,synthetic-0171,owner:1,9161f77954b7ae4d7a0cd406876e458f0d2573b334e95178e3121769da74236d,e696d4fbf92346a6a7f25ce9abc17a7f431cd32976a57e13df7c83e9f986da78,local,waste_litter,P2,0.95,pass,1,0,create_draft_work_order,1,d6cebdb9-6022-4e23-8c29-90ff06034462,0.0,synthetic_operational,pending,
2359af9c-ad79-53ed-97d0-3a62f5ff886b,4cac0c7c-6c24-5de5-bead-9c1bad8bac3b,D6,20260807,2026-08-07T09:00:00+00:00,synthetic-0172,owner:2,9161f77954b7ae4d7a0cd406876e458f0d2573b334e95178e3121769da74236d,e696d4fbf92346a6a7f25ce9abc17a7f431cd32976a57e13df7c83e9f986da78,local,waste_litter,P3,0.95,pass,1,0,create_draft_work_order,1,276805d4-f28a-4134-8616-c4a6bbfc47dd,0.0,synthetic_operational,reviewed,accept
a54bf38f-800d-5c67-8a72-5e5290afe5d3,8f8ff3b4-8783-50ab-8869-520e127e854b,D6,20260808,2026-08-08T09:00:00+00:00,synthetic-0173,owner:3,9161f77954b7ae4d7a0cd406876e458f0d2573b334e95178e3121769da74236d,e696d4fbf92346a6a7f25ce9abc17a7f431cd32976a57e13df7c83e9f986da78,local,waste_litter,P3,0.95,reject,0,0,create_draft_work_order,0,,,synthetic_operational,reviewed,escalate
c0c6a57d-8718-5146-bd53-9be62a92d401,e6485b34-300d-56a6-9902-381ae1a1f07e,D6,20260809,2026-08-09T09:00:00+00:00,synthetic-0174,owner:4,9161f77954b7ae4d7a0cd406876e458f0d2573b334e95178e3121769da74236d,e696d4fbf92346a6a7f25ce9abc17a7f431cd32976a57e13df7c83e9f986da78,local,general_enquiry,P4,0.3,escalate,0,1,create_draft_work_order,0,,,synthetic_operational,pending,
1f9399f4-ec06-5f75-a3c4-c405214f86ca,becebbf4-15c7-5f36-8baf-2466209e2588,D6,20260810,2026-08-10T09:00:00+00:00,synthetic-0175,owner:5,9161f77954b7ae4d7a0cd406876e458f0d2573b334e95178e3121769da74236d,e696d4fbf92346a6a7f25ce9abc17a7f431cd32976a57e13df7c83e9f986da78,local,waste_litter,P3,0.95,escalate,0,1,create_draft_work_order,1,,,synthetic_operational,reviewed,escalate
b1e18cf3-8de9-54e0-b10c-dd2de496d8e6,93166625-0336-522c-acaf-377fa411d171,D6,20260811,2026-08-11T09:00:00+00:00,synthetic-0176,owner:1,9161f77954b7ae4d7a0cd406876e458f0d2573b334e95178e3121769da74236d,e696d4fbf92346a6a7f25ce9abc17a7f431cd32976a57e13df7c83e9f986da78,local,roads_footpaths,P2,0.82,escalate,0,0,create_draft_work_order,1,,,synthetic_operational,reviewed,escalate
01d15861-fbec-5255-a580-4da35a811ddd,d8a956cc-c1ec-5dbe-92dc-6b3daa62bea1,D6,20260812,2026-08-12T09:00:00+00:00,synthetic-0177,owner:2,9161f77954b7ae4d7a0cd406876e458f0d2573b334e95178e3121769da74236d,e696d4fbf92346a6a7f25ce9abc17a7f431cd32976a57e13df7c83e9f986da78,local,waste_litter,P1,0.82,escalate,0,1,create_draft_work_order,1,a3eed3bd-14b3-4378-adec-32adff804f96,0.0,synthetic_operational,pending,
befe922e-dd38-53d7-bc88-c6f8760fa0fc,f189ed20-ddf1-5771-b738-65282418041a,D6,20260813,2026-08-13T09:00:00+00:00,synthetic-0178,owner:3,9161f77954b7ae4d7a0cd406876e458f0d2573b334e95178e3121769da74236d,e696d4fbf92346a6a7f25ce9abc17a7f431cd32976a57e13df7c83e9f986da78,local,waste_litter,P3,0.95,pass,1,0,create_draft_work_order,1,2c1d624e-c180-4990-a553-d439d0dfe7f7,0.0,synthetic_operational,reviewed,accept
3a341834-560f-5719-8f00-93c54e263ad7,73d2b437-3480-54de-8978-8af2c8c49e65,D6,20260814,2026-08-14T09:00:00+00:00,synthetic-0179,owner:4,9161f77954b7ae4d7a0cd406876e458f0d2573b334e95178e3121769da74236d,e696d4fbf92346a6a7f25ce9abc17a7f431cd32976a57e13df7c83e9f986da78,local,waste_litter,P3,0.95,pass,1,0,create_draft_work_order,1,a2c510c9-d52b-48ac-8f79-92cb474c306f,0.0,synthetic_operational,reviewed,accept
d64e82ad-9302-5bbf-9a29-aa4938cda8d9,4e079d51-139b-5897-92a3-2c235b178db2,D6,20260815,2026-08-15T09:00:00+00:00,synthetic-0180,owner:5,9161f77954b7ae4d7a0cd406876e458f0d2573b334e95178e3121769da74236d,e696d4fbf92346a6a7f25ce9abc17a7f431cd32976a57e13df7c83e9f986da78,local,waste_litter,P2,0.95,reject,0,0,close_live_case,1,1c37367d-e6c6-4767-82c5-5b0f8c50b508,0.0,synthetic_operational,pending,
